ID,Address,Status,Listing Price,Square Ft,Year Built,Beds,Baths,Days on Site,Latitude,Longitude,URL,House Image,Google Map Image
1,212 Morgan Circle,NEW LISTING,300000,1718,1994,3,2,4,39.49118,-84.74771,https://www.xome.com/homes-for-sale/212-Morgan-Circle-Oxford-OH-45056-389749101,https://ap.rdcpix.com/a40cc8a73e669a504a5d06761ff4293dl-b260178635od-w1024_h768_x2.webp?w=828&q=75,https://www.google.com/maps/embed?pb=!1m18!1m12!1m3!1d3079.0313848335445!2d-84.75027002562332!3d39.49120591145183!2m3!1f0!2f0!3f0!3m2!1i1024!2i768!4f13.1!3m3!1m2!1s0x88403ce1f3d7ddad%3A0xf89cf9a7ef8f0c13!2s212%20Morgan%20Cir%2C%20Oxford%2C%20OH%2045056!5e0!3m2!1sen!2sus!4v1712547450345!5m2!1sen!2sus
2,6150 Fairfield Road,Active,249900,1234,1960,4,2,48,39.50825,-84.75697,https://www.xome.com/homes-for-sale/6150-Fairfield-Road-Oxford-OH-45056-388346064,https://xomesearch.propertiescdn.com/ListingImages/ohcincy/images/0/0/1794387.jpg?cd=63846958860,https://www.google.com/maps/embed?pb=!1m18!1m12!1m3!1d6156.551321903466!2d-84.7569561!3d39.5082677!2m3!1f0!2f0!3f0!3m2!1i1024!2i768!4f13.1!3m3!1m2!1s0x88403d3ea6459fd5%3A0xe8f8dbc86e9b2ba2!2s6150%20Fairfield%20Rd%2C%20Oxford%2C%20OH%2045056!5e0!3m2!1sen!2sus!4v1712850945902!5m2!1sen!2sus
3,784 High Meadow Lane,Active,375000,1420,1994,3,2,52,39.50042,-84.7668,https://www.xome.com/homes-for-sale/784-High-Meadow-Lane-Oxford-OH-45056-388260299,https://xomesearch.propertiescdn.com/ListingImages/ohcincy/images/0/0/1794177.jpg?cd=63845500320,https://www.google.com/maps/embed?pb=!1m18!1m12!1m3!1d3078.6236319827835!2d-84.76940222562267!3d39.50041241090184!2m3!1f0!2f0!3f0!3m2!1i1024!2i768!4f13.1!3m3!1m2!1s0x88403d2e8caa44cd%3A0x16eb3c9409b51be7!2s784%20High%20Meadow%20Ln%2C%20Oxford%2C%20OH%2045056!5e0!3m2!1sen!2sus!4v1712851520851!5m2!1sen!2sus
4,4260 Nichols Road,Pending,324900,1968,1972,2,2,52,39.47126,-84.67455,https://www.xome.com/homes-for-sale/Nichols-Road-Oxford-OH-45056-388244957,https://xomesearch.propertiescdn.com/ListingImages/ohcincy/images/0/0/1793981.jpg?cd=63847653000,https://www.google.com/maps/embed?pb=!1m18!1m12!1m3!1d3079.8267419594426!2d-84.6990585121158!3d39.47324267169499!2m3!1f0!2f0!3f0!3m2!1i1024!2i768!4f13.1!3m3!1m2!1s0x88403c23684d4b89%3A0xb2d9392366f04e75!2s4260%20Nichols%20Rd%2C%20Oxford%2C%20OH%2045056!5e0!3m2!1sen!2sus!4v1712852480267!5m2!1sen!2sus
5,44 Hidden Creek Drive,Active,529900,3131,1989,4,3,61,39.50612,-84.7691,https://www.xome.com/homes-for-sale/44-Hidden-Creek-Drive-Oxford-OH-45056-387991621,https://xomesearch.propertiescdn.com/ListingImages/ohcincy/images/0/0/1793321.jpg?cd=63844624980,https://www.google.com/maps/embed?pb=!1m18!1m12!1m3!1d3078.370888513339!2d-84.77168622562235!3d39.50611811056091!2m3!1f0!2f0!3f0!3m2!1i1024!2i768!4f13.1!3m3!1m2!1s0x88403d33cb66afb1%3A0x62989569448aecca!2s44%20Hidden%20Creek%20Rd%2C%20Oxford%2C%20OH%2045056!5e0!3m2!1sen!2sus!4v1712852654364!5m2!1sen!2sus
6,125 Ridge Avenue,Active,375000,1688,1958,3,2,68,39.5092,-84.75917,https://www.xome.com/homes-for-sale/125-Ridge-Avenue-Oxford-OH-45056-387881311,https://xomesearch.propertiescdn.com/ListingImages/ohcincy/addl_picts/0/0/1790884-1.jpg?cd=63847736100,https://www.google.com/maps/embed?pb=!1m18!1m12!1m3!1d12312.928662290193!2d-84.77763334542203!3d39.509249496736984!2m3!1f0!2f0!3f0!3m2!1i1024!2i768!4f13.1!3m3!1m2!1s0x88403d396bb44aab%3A0xbc199bd349fd31be!2s125%20Ridge%20Ave%2C%20Oxford%2C%20OH%2045056!5e0!3m2!1sen!2sus!4v1712853451157!5m2!1sen!2sus
7,7040 Contreras Road,Active,739900,2971,2007,4,4,72,39.51937,-84.78475,https://www.xome.com/homes-for-sale/7040-Contreras-Road-Oxford-OH-45056-387764552,https://xomesearch.propertiescdn.com/ListingImages/ohdabr/images/0/0/902333.jpg?cd=63839438760,https://www.google.com/maps/embed?pb=!1m18!1m12!1m3!1d49245.10767527477!2d-84.78597086419872!3d39.51856944984812!2m3!1f0!2f0!3f0!3m2!1i1024!2i768!4f13.1!3m3!1m2!1s0x884022b9f69f7e13%3A0x28b20ce963487687!2s7040%20Contreras%20Rd%2C%20Oxford%2C%20OH%2045056!5e0!3m2!1sen!2sus!4v1712853649777!5m2!1sen!2sus
8,550 Melissa Drive,Pending,259900,2367,1972,4,2,81,39.49829,-84.75159,https://www.xome.com/homes-for-sale/550-Melissa-Drive-Oxford-OH-45056-387537054,https://xomesearch.propertiescdn.com/ListingImages/ohcincy/images/0/0/1792342.jpg?cd=63844563600,https://www.google.com/maps/embed?pb=!1m18!1m12!1m3!1d3078.715774735824!2d-84.75408472562285!3d39.498332111026095!2m3!1f0!2f0!3f0!3m2!1i1024!2i768!4f13.1!3m3!1m2!1s0x88403d18bbcaf8b7%3A0xae2f597775290f1c!2s550%20Melissa%20Dr%2C%20Oxford%2C%20OH%2045056!5e0!3m2!1sen!2sus!4v1712853736316!5m2!1sen!2sus
9,4701 Booth Road,Active,290500,1904,1960,4,3,87,39.47821,-84.71242,https://www.xome.com/homes-for-sale/4701-Booth-Road-Oxford-OH-45056-387344500,https://ap.rdcpix.com/e42d641eced4d055350bad27baf5341cl-m4066603058od-w1024_h768_x2.webp,https://www.google.com/maps/embed?pb=!1m18!1m12!1m3!1d12318.420181411617!2d-84.73088664561729!3d39.47825040442815!2m3!1f0!2f0!3f0!3m2!1i1024!2i768!4f13.1!3m3!1m2!1s0x88403c47a4c2a6d3%3A0x9ff1491d253359bd!2s4701%20Booth%20Rd%2C%20Oxford%2C%20OH%2045056!5e0!3m2!1sen!2sus!4v1712854014482!5m2!1sen!2sus
10,5176 Westgate Drive,Closed,200000,2192,1961,3,2,101,39.51706,-84.75351,https://www.xome.com/homes-for-sale/5176-Westgate-Drive-Oxford-OH-45056-386979437,https://xomesearch.propertiescdn.com/ListingImages/ohcincy/images/0/0/1790921.jpg?cd=63842525220,https://www.google.com/maps/embed?pb=!1m18!1m12!1m3!1d6155.772183475368!2d-84.7535293!3d39.5170605!2m3!1f0!2f0!3f0!3m2!1i1024!2i768!4f13.1!3m3!1m2!1s0x88403d41ea4a2cfb%3A0xbb00f337ee81fd36!2s5176%20Westgate%20Dr%2C%20Oxford%2C%20OH%2045056!5e0!3m2!1sen!2sus!4v1712855909067!5m2!1sen!2sus
11,6135 Fairfield Road Unit 33,Pending,114900,1046,1984,2,2,111,39.50762,-84.75664,https://www.xome.com/homes-for-sale/6135-Fairfield-Road-Unit-33-Oxford-OH-45056-387538530,https://xomesearch.propertiescdn.com/ListingImages/ohcincy/images/0/0/1790364.jpg?cd=63843685140,https://www.google.com/maps/embed?pb=!1m18!1m12!1m3!1d3078.320032255233!2d-84.75959082562228!3d39.50726611049223!2m3!1f0!2f0!3f0!3m2!1i1024!2i768!4f13.1!3m3!1m2!1s0x88403d3c102a03d1%3A0x79cf134e765f390c!2s6135%20Fairfield%20Rd%2C%20Oxford%2C%20OH%2045056!5e0!3m2!1sen!2sus!4v1712856031599!5m2!1sen!2sus
12,6192 Vereker Drive,Closed,262000,1188,1959,3,2,114,39.50914,-84.75867,https://www.xome.com/homes-for-sale/6192-Vereker-Drive-Oxford-OH-45056-387533427,https://xomesearch.propertiescdn.com/ListingImages/ohcincy/images/0/0/1790199.jpg?cd=63836116440,https://www.google.com/maps/embed?pb=!1m18!1m12!1m3!1d6124.457505832449!2d-84.760351779159!3d39.51021248072052!2m3!1f0!2f0!3f0!3m2!1i1024!2i768!4f13.1!3m3!1m2!1s0x88403d39414ce85d%3A0x27bdd1df2ae3bb6f!2s6192%20Vereker%20Dr%2C%20Oxford%2C%20OH%2045056!5e0!3m2!1sen!2sus!4v1712856120530!5m2!1sen!2sus
13,6038 Booth Road,Active,484900,3413,1992,5,4,115,39.47851,-84.71366,https://www.xome.com/homes-for-sale/Booth-Road-Oxford-Twp-OH-45056-387538235,https://xomesearch.propertiescdn.com/ListingImages/ohcincy/images/0/0/1790145.jpg?cd=63847736100,https://www.google.com/maps/embed?pb=!1m18!1m12!1m3!1d12316.087411928846!2d-84.75581528888742!3d39.49142114805648!2m3!1f0!2f0!3f0!3m2!1i1024!2i768!4f13.1!3m3!1m2!1s0x88403ce2c8f9dcbf%3A0x2d673891c1d08f0e!2s6038%20Booth%20Rd%2C%20Oxford%2C%20OH%2045056!5e0!3m2!1sen!2sus!4v1712856559228!5m2!1sen!2sus
14,5577 Garver Elliott Road,Closed,175000,1413,1984,3,2,115,39.46372,-84.73524,https://www.xome.com/homes-for-sale/5577-Garver-Elliott-Road-Oxford-OH-45056-387538089,https://xomesearch.propertiescdn.com/ListingImages/ohcincy/images/0/0/1789915.jpg?cd=63840245040,https://www.google.com/maps/embed?pb=!1m18!1m12!1m3!1d3080.248846362059!2d-84.73782452562514!3d39.46370661309403!2m3!1f0!2f0!3f0!3m2!1i1024!2i768!4f13.1!3m3!1m2!1s0x88403c89199866d1%3A0xd17a528d0995f4e7!2s5577%20Garver%20Elliot%20Rd%2C%20Oxford%2C%20OH%2045056!5e0!3m2!1sen!2sus!4v1712856661043!5m2!1sen!2sus
15,26 Woodruff Court,Closed,375000,1208,1944,4,2,115,39.51451,-84.74122,https://www.xome.com/homes-for-sale/26-Woodruff-Court-Oxford-OH-45056-387536476,https://xomesearch.propertiescdn.com/ListingImages/ohcincy/images/0/0/1789667.jpg?cd=63840235020,https://www.google.com/maps/embed?pb=!1m18!1m12!1m3!1d6155.999661896905!2d-84.74378242562176!3d39.51449351006033!2m3!1f0!2f0!3f0!3m2!1i1024!2i768!4f13.1!3m3!1m2!1s0x88403d728fb7d5f5%3A0x237df71645cc6ac2!2s26%20Woodruff%20Ct%2C%20Oxford%2C%20OH%2045056!5e0!3m2!1sen!2sus!4v1712856852039!5m2!1sen!2sus
16,113 N Elm Street,Active,787000,2064,1904,8,3,127,39.51219,-84.7469,https://www.xome.com/homes-for-sale/113-N-Elm-Street-Oxford-OH-45056-387534692,https://xomesearch.propertiescdn.com/ListingImages/ohcincy/images/0/0/1789238.jpg?cd=63846963600,https://www.google.com/maps/embed?pb=!1m18!1m12!1m3!1d6156.201786426118!2d-84.74949482562192!3d39.512212510196726!2m3!1f0!2f0!3f0!3m2!1i1024!2i768!4f13.1!3m3!1m2!1s0x88403d1350c9281d%3A0x45f5811f5af34830!2s113%20N%20Elm%20St%2C%20Oxford%2C%20OH%2045056!5e0!3m2!1sen!2sus!4v1712857169043!5m2!1sen!2sus
17,116 Country Club Drive,Closed,239900,2104,1973,4,3,131,39.51631,-84.76596,https://www.xome.com/homes-for-sale/116-Country-Club-Drive-Oxford-OH-45056-387535444,https://xomesearch.propertiescdn.com/ListingImages/ohcincy/addl_picts/0/0/1788547-2.jpg?cd=63842515260,https://www.google.com/maps/embed?pb=!1m18!1m12!1m3!1d3077.919717582879!2d-84.76858602562169!3d39.516301609952265!2m3!1f0!2f0!3f0!3m2!1i1024!2i768!4f13.1!3m3!1m2!1s0x88403d490709b85b%3A0x927af430293a3202!2s116%20Country%20Club%20Dr%2C%20Oxford%2C%20OH%2045056!5e0!3m2!1sen!2sus!4v1712857276754!5m2!1sen!2sus
18,1218 Tollgate Drive,Closed,249000,1722,1968,3,2,138,39.50702,-84.76279,https://www.xome.com/homes-for-sale/1218-Tollgate-Drive-Oxford-OH-45056-387537856,https://xomesearch.propertiescdn.com/ListingImages/ohcincy/images/0/0/1787942.jpg?cd=63842383980,https://www.google.com/maps/embed?pb=!1m18!1m12!1m3!1d3078.3290606602613!2d-84.7653438256223!3d39.50706231050449!2m3!1f0!2f0!3f0!3m2!1i1024!2i768!4f13.1!3m3!1m2!1s0x88403d3a75321ef1%3A0xdae4bd0152cf413b!2s1218%20Tollgate%20Dr%2C%20Oxford%2C%20OH%2045056!5e0!3m2!1sen!2sus!4v1712857333333!5m2!1sen!2sus
19,102 Stone Creek Drive,Pending,625000,3976,1995,4,5,139,39.51301,-84.76824,https://www.xome.com/homes-for-sale/102-Stone-Creek-Drive-Oxford-OH-45056-385588434,https://ap.rdcpix.com/8215b0289cdada11f97078e624cf5c79l-m2361770142od-w1024_h768_x2.webp?w=1920&q=75,https://www.google.com/maps/embed?pb=!1m18!1m12!1m3!1d3078.068205139741!2d-84.768316!3d39.5129503!2m3!1f0!2f0!3f0!3m2!1i1024!2i768!4f13.1!3m3!1m2!1s0x88403d35e31e6e35%3A0x7f4fa5fde3d34848!2s102%20Stone%20Creek%20Dr%2C%20Oxford%2C%20OH%2045056!5e0!3m2!1sen!2sus!4v1712857466239!5m2!1sen!2sus
20,3856 Kehr Road,Active,550000,1519,1993,3,2,142,39.48486,-84.74616,https://www.xome.com/homes-for-sale/3856-Kehr-Road-Oxford-OH-45056-385536851,https://xomesearch.propertiescdn.com/ListingImages/ohcincy/images/0/0/1787608.jpg?cd=63844134660,https://www.google.com/maps/embed?pb=!1m18!1m12!1m3!1d3079.3138088822893!2d-84.74731482562372!3d39.48482811183278!2m3!1f0!2f0!3f0!3m2!1i1024!2i768!4f13.1!3m3!1m2!1s0x88403ce457a3478d%3A0xe73f1b1d46108e44!2s3856%20Kehr%20Rd%2C%20Oxford%2C%20OH%2045056!5e0!3m2!1sen!2sus!4v1712857691468!5m2!1sen!2sus
21,317 W Chestnut Street,Closed,265000,1430,1956,3,3,153,39.5006,-84.74252,https://www.xome.com/homes-for-sale/Chestnut-Street-Oxford-OH-45056-386639919,https://xomesearch.propertiescdn.com/ListingImages/ohcincy/images/0/0/1786274.jpg?cd=63841829760,https://www.google.com/maps/embed?pb=!1m18!1m12!1m3!1d6157.248788644324!2d-84.7486335!3d39.5003952!2m3!1f0!2f0!3f0!3m2!1i1024!2i768!4f13.1!3m3!1m2!1s0x88403d19a263d7b9%3A0xf2e930239fca43ba!2s317%20W%20Chestnut%20St%2C%20Oxford%2C%20OH%2045056!5e0!3m2!1sen!2sus!4v1712857995971!5m2!1sen!2sus
22,6550 Brookville Road,Closed,315000,2269,2005,4,3,156,39.50054,-84.75963,https://www.xome.com/homes-for-sale/Brookville-Road-Oxford-OH-45056-387532827,https://xomesearch.propertiescdn.com/ListingImages/ohcincy/images/0/0/1786182.jpg?cd=63842542620,https://www.google.com/maps/embed?pb=!1m18!1m12!1m3!1d3078.6587701080166!2d-84.77237962562278!3d39.49961911094923!2m3!1f0!2f0!3f0!3m2!1i1024!2i768!4f13.1!3m3!1m2!1s0x88403d2c4206051f%3A0x7c32e44274d7d493!2s6550%20Brookville%20Rd%2C%20Oxford%2C%20OH%2045056!5e0!3m2!1sen!2sus!4v1712858235991!5m2!1sen!2sus
23,10 Heather Ridge Court,Closed,369500,3293,1992,3,3,180,39.50071,-84.76648,https://www.xome.com/homes-for-sale/Heather-Ridge-Court-Oxford-OH-45056-387538893,https://xomesearch.propertiescdn.com/ListingImages/ohcincy/images/0/0/1783596.jpg?cd=63842534040,https://www.google.com/maps/embed?pb=!1m18!1m12!1m3!1d3078.6129969693447!2d-84.76936142562273!3d39.500652510887406!2m3!1f0!2f0!3f0!3m2!1i1024!2i768!4f13.1!3m3!1m2!1s0x88403d2ef5251b37%3A0x6e18fe058f2bb12f!2s10%20Heather%20Ridge%20Ct%2C%20Oxford%2C%20OH%2045056!5e0!3m2!1sen!2sus!4v1712858320196!5m2!1sen!2sus
24,6043 Vereker Drive,Closed,234900,1406,1987,3,2,181,39.50887,-84.75296,https://www.xome.com/homes-for-sale/Vereker-Drive-Oxford-OH-45056-387538638,https://xomesearch.propertiescdn.com/ListingImages/ohcincy/images/0/0/1783427.jpg?cd=63842492880,https://www.google.com/maps/embed?pb=!1m18!1m12!1m3!1d6156.517989430133!2d-84.7550183!3d39.508643899999996!2m3!1f0!2f0!3f0!3m2!1i1024!2i768!4f13.1!3m3!1m2!1s0x88403d3e62c43611%3A0x6b63bb06f18f21c6!2s6043%20Vereker%20Dr%2C%20Oxford%2C%20OH%2045056!5e0!3m2!1sen!2sus!4v1712858560393!5m2!1sen!2sus
25,6328 Main Street,Closed,39000,1200,1930,3,1,181,39.48829,-84.65376,https://www.xome.com/homes-for-sale/Main-Street-Reily-Twp-OH-45056-387531092,https://xomesearch.propertiescdn.com/ListingImages/ohcincy/images/0/0/1783529.jpg?cd=63833293260,https://www.google.com/maps/embed?pb=!1m18!1m12!1m3!1d3081.566294034536!2d-84.76753622562713!3d39.43393081487121!2m3!1f0!2f0!3f0!3m2!1i1024!2i768!4f13.1!3m3!1m2!1s0x88403b48fa25c945%3A0x90c5fad4c87ab7fb!2s6328%20Main%20St%2C%20Oxford%2C%20OH%2045056!5e0!3m2!1sen!2sus!4v1712867178793!5m2!1sen!2sus
26,735 High Meadow Lane,Closed,390000,2558,1991,3,3,184,39.50073,-84.76517,https://www.xome.com/homes-for-sale/735-High-Meadow-Lane-Oxford-OH-45056-387531373,https://xomesearch.propertiescdn.com/ListingImages/ohcincy/images/0/0/1782604.jpg?cd=63835846860,https://www.google.com/maps/embed?pb=!1m18!1m12!1m3!1d3078.6072387137647!2d-84.7677707256227!3d39.50078251087969!2m3!1f0!2f0!3f0!3m2!1i1024!2i768!4f13.1!3m3!1m2!1s0x88403d2faa21412f%3A0x3046f1af608ddb29!2s735%20High%20Meadow%20Ln%2C%20Oxford%2C%20OH%2045056!5e0!3m2!1sen!2sus!4v1712867422674!5m2!1sen!2sus
27,426 Chestnut Street,Closed,255000,1305,1966,3,3,184,39.5006,-84.74252,https://www.xome.com/homes-for-sale/Chestnut-Street-Oxford-OH-45056-387531241,https://xomesearch.propertiescdn.com/ListingImages/ohcincy/images/0/0/1783239.jpg?cd=63842542620,https://www.google.com/maps/embed?pb=!1m18!1m12!1m3!1d3078.6015468840196!2d-84.75361562562266!3d39.50091101087205!2m3!1f0!2f0!3f0!3m2!1i1024!2i768!4f13.1!3m3!1m2!1s0x88403d18424864c3%3A0xa19fdf1f55fa5e5b!2s426%20W%20Chestnut%20St%2C%20Oxford%2C%20OH%2045056!5e0!3m2!1sen!2sus!4v1712867635905!5m2!1sen!2sus
28,6460 Imhoff Road,Closed,789900,2317,2006,3,3,185,39.47161,-84.76916,https://www.xome.com/homes-for-sale/Imhoff-Road-Reily-Twp-OH-45056-387536866,https://xomesearch.propertiescdn.com/ListingImages/ohcincy/images/0/0/1783047.jpg?cd=63843665640,https://www.google.com/maps/embed?pb=!1m18!1m12!1m3!1d3079.791462284226!2d-84.77111532562441!3d39.4740396124771!2m3!1f0!2f0!3f0!3m2!1i1024!2i768!4f13.1!3m3!1m2!1s0x88403cca2389058d%3A0xfae6b080b601cf9d!2s6460%20Imhoff%20Rd%2C%20Oxford%2C%20OH%2045056!5e0!3m2!1sen!2sus!4v1712867942591!5m2!1sen!2sus
29,14 Quail Ridge Drive,Closed,300000,--,1984,4,3,188,39.50043,-84.76386,https://www.xome.com/homes-for-sale/14-Quail-Ridge-Drive-Oxford-OH-45056-387531423,https://xomesearch.propertiescdn.com/ListingImages/ohcincy/images/0/0/1782701.jpg?cd=63840512940,https://www.google.com/maps/embed?pb=!1m18!1m12!1m3!1d3078.6231890428594!2d-84.76648592562269!3d39.50042241090128!2m3!1f0!2f0!3f0!3m2!1i1024!2i768!4f13.1!3m3!1m2!1s0x88403d2f742be0b9%3A0x2f242ced52f595b8!2s14%20Quail%20Ridge%20Dr%2C%20Oxford%2C%20OH%2045056!5e0!3m2!1sen!2sus!4v1712868591233!5m2!1sen!2sus
30,430 Bouden Lane,Closed,295000,--,1948,4,2,192,39.51616,-84.73701,https://www.xome.com/homes-for-sale/430-Bouden-Lane-Oxford-OH-45056-387531098,https://xomesearch.propertiescdn.com/ListingImages/ohcincy/images/0/0/1781853.jpg?cd=63840085980,https://www.google.com/maps/embed?pb=!1m18!1m12!1m3!1d3077.9261069146037!2d-84.73957932562166!3d39.51615740996089!2m3!1f0!2f0!3f0!3m2!1i1024!2i768!4f13.1!3m3!1m2!1s0x88403d738b365ab7%3A0x6df96f35d841a769!2s430%20Bouden%20Ln%2C%20Oxford%2C%20OH%2045056!5e0!3m2!1sen!2sus!4v1712868685212!5m2!1sen!2sus
31,825 Dufour Lane,Closed,389900,2534,2016,4,3,193,39.5228,-84.75447,https://www.xome.com/homes-for-sale/Dufour-Lane-Oxford-OH-45056-387533674,https://xomesearch.propertiescdn.com/ListingImages/ohcincy/images/0/0/1781998.jpg?cd=63841829760,https://www.google.com/maps/embed?pb=!1m18!1m12!1m3!1d6155.401348015194!2d-84.7576544256213!3d39.52124490965687!2m3!1f0!2f0!3f0!3m2!1i1024!2i768!4f13.1!3m3!1m2!1s0x88403d43020b058d%3A0x3a8fecc47da2dc8f!2s825%20Dufour%20Ln%2C%20Oxford%2C%20OH%2045056!5e0!3m2!1sen!2sus!4v1712869841332!5m2!1sen!2sus
32,626 Honor Lane,Closed,384900,2437,2005,4,3,194,39.52212,-84.75291,https://www.xome.com/homes-for-sale/Honor-Lane-Oxford-OH-45056-387531640,https://xomesearch.propertiescdn.com/ListingImages/ohcincy/images/0/0/1781745.jpg?cd=63841829760,https://www.google.com/maps/embed?pb=!1m18!1m12!1m3!1d6155.532754134149!2d-84.7526726!3d39.519762199999995!2m3!1f0!2f0!3f0!3m2!1i1024!2i768!4f13.1!3m3!1m2!1s0x88403d4274213c1f%3A0x544550a4dfd57b18!2s626%20Honor%20Ln%2C%20Oxford%2C%20OH%2045056!5e0!3m2!1sen!2sus!4v1712931844807!5m2!1sen!2sus
33,6334 Fairfield Road,Closed,695000,3130,1963,4,5,195,39.50748,-84.74966,https://www.xome.com/homes-for-sale/Fairfield-Road-Oxford-OH-45056-387531532,https://xomesearch.propertiescdn.com/ListingImages/ohcincy/images/0/0/1781502.jpg?cd=63842190060,https://www.google.com/maps/embed?pb=!1m18!1m12!1m3!1d3078.261710408082!2d-84.7644005!3d39.5085826!2m3!1f0!2f0!3f0!3m2!1i1024!2i768!4f13.1!3m3!1m2!1s0x88403d3735a5bc57%3A0xda0f310929505d73!2s6334%20Fairfield%20Rd%2C%20Oxford%2C%20OH%2045056!5e0!3m2!1sen!2sus!4v1712932013727!5m2!1sen!2sus
34,7798 Dunwoody Road,Closed,589900,--,1999,3,4,198,39.40665,-84.80738,https://www.xome.com/homes-for-sale/7798-Dunwoody-Road-Oxford-OH-45056-387536547,https://xomesearch.propertiescdn.com/ListingImages/ohcincy/images/0/0/1780990.jpg?cd=63840203220,https://www.google.com/maps/embed?pb=!1m18!1m12!1m3!1d3082.7751963546707!2d-84.8073754!3d39.4065917!2m3!1f0!2f0!3f0!3m2!1i1024!2i768!4f13.1!3m3!1m2!1s0x884025047dc5fdf9%3A0x24c8a3fd49fbac0a!2s7798%20Dunwoody%20Rd%2C%20Oxford%2C%20OH%2045056!5e0!3m2!1sen!2sus!4v1712932154678!5m2!1sen!2sus
35,23 Gardenia Drive,Closed,319000,--,2010,3,4,198,39.49371,-84.7459,https://www.xome.com/homes-for-sale/Gardenia-Drive-Oxford-OH-45056-387532894,"data:image/jpg;base64,/9j/4AAQSkZJRgABAQAAAQABAAD/2wCEAAUDBAQEAwUEBAQFBQUGBwwIBwcHBw8LCwkMEQ8SEhEPERETFhwXExQaFRERGCEYGh0dHx8fExciJCIeJBweHx4BBQUFBwYHDggIDh4UERQeHh4eHh4eHh4eHh4eHh4eHh4eHh4eHh4eHh4eHh4eHh4eHh4eHh4eHh4eHh4eHh4eHv/AABEIAOoB2gMBIgACEQEDEQH/xAAfAAABBQEBAQEBAQAAAAAAAAAAAQIDBAUGBwgJCgv/xAC1EAACAQMDAgQDBQUEBAAAAX0BAgMABBEFEiExQQYTUWEHInEUMoGRoQgjQrHBFVLR8CQzYnKCCQoWFxgZGiUmJygpKjQ1Njc4OTpDREVGR0hJSlNUVVZXWFlaY2RlZmdoaWpzdHV2d3h5eoOEhYaHiImKkpOUlZaXmJmaoqOkpaanqKmqsrO0tba3uLm6wsPExcbHyMnK0tPU1dbX2Nna4eLj5OXm5+jp6vHy8/T19vf4+fr/xAAfAQADAQEBAQEBAQEBAAAAAAAAAQIDBAUGBwgJCgv/xAC1EQACAQIEBAMEBwUEBAABAncAAQIDEQQFITEGEkFRB2FxEyIygQgUQpGhscEJIzNS8BVictEKFiQ04SXxFxgZGiYnKCkqNTY3ODk6Q0RFRkdISUpTVFVWV1hZWmNkZWZnaGlqc3R1dnd4eXqCg4SFhoeIiYqSk5SVlpeYmZqio6Slpqeoqaqys7S1tre4ubrCw8TFxsfIycrS09TV1tfY2dri4+Tl5ufo6ery8/T19vf4+fr/2gAMAwEAAhEDEQA/APRCKaRUpFNYe1dqOUipOakIpuKYDMUmKlC560EKKTIZEVpNgHJpzOB0qJyT1oEJI2eFqEipCKaRVICI00ipSKYRVAREU0ipTTSKYERWmEVNimMKARCRTWFSkUxh6UCaIjTGFSEU0imCIzTD1qQ0w0DGGmGpDTDTEMPSmVJTTTEyM0hpxFJQSMIppFPNIRTERsKbUhFIRTQDMUhFOxikNWgEpDS0UyGNxRinYoxQA3FJTiKMUANxmjFKBS4pgNxRingUuKYEeKMU+jFMRGRRin4ppqkKwmBSAU6iqENxSYNPApcVQhgFGKeBRikIaBS45p2KXFUA0ClApQKXFACYpdtPC0YoA9LIppWpitIVrxj0SArmmbTipytNIpgQMDTCKnIppFMCuVppFWCtMK+1MkgK00ipytNK0ILEBFNK1MVphFWSyBhimkVKy5ppWgCLFNIqXFNIoAhYZphFTMKjanYCEimkVK1MIpEkLLTCKnYVGwp3KImFMIqUimsKBMiIppFSEU00ySIimEc1MRTCKpCIzQRTiKbQIaRSEU80hFUkBGRSYqQikIq0SyPFFPIpMU0Ib2oxTsUuKYxmKTFSYpMUCaGYoA5p9GKCRtFOxRigLjKQ0/FIetUhXGHpSU40meKpIVxAKXFBpRVpCCgDmlxTgKdgG0u2pFX2pJnit4jPPIkUa/eZzgD8aNEK4gWl21jz+J9Niukgj8yctzxhSR/sqcE/pWrp99ZX/FtcKX/55sCr/wDfJ5rKFelN2jJNoqVKpFXaHhadtqYx4PSk21qR0IgtLsqULS7aBo9L20hWrBWkKV4SZ6lisV9qYUq1sxTClVcVmVWSmFKtFM9qYVppgVSpprLVrbTGSquKxWxTSBU5WmslO4rFcgUxlFTlKjZTTEyAimMKmZTTSpzVIlkJFMIqcrTGWmBAwqNhU5HFRMuKaEQsKYRUrCmNQIiIpDUhFMI5pAmRsKYRUxFNIouUQlaYV5qYimkVSJICKaRUxWm7aZJEV4ppWpttIV9aoLkBWkwamZQBk9KTaPzqhEJFGKeu1hlTmlIqkSyIikIqXbTjH8itzz6iqEQAUuKteVF13dDyCfp/9emERjaevBzj9KAK5FOWNmBIBOP/ANVT70H3I/xJ56UNM38ICnOeB/n0oArsuDjFJipGBJz3o20AR4oxT8UYpCIzUbVMRULq7usUalpGICqOpJ6CrTJfkRk9qUCu9f4YNfaRbSW2u3NheMAZCYEljPHbOCo79z06VzOp/DjxrZk+XOuoqB1t3QN/3yyqSfpmuT+1KK2v93/BOr+z6r7f18jJGD3p22sq9tdTsZVi1GLUbWQnG2cPET+HFRRQtIQY5r9mH925l7Dn+LtUvNqXZ/h/mV/ZtXujdEbehp0myGMyTSJGi9WY4Arkru+hiQiN5p2A5JnkZRxjrnn8KynlluWLOXAPI9v8Ov196l5rG3uxYf2e1vJfidPqfiSKIGOwTzH/AL7g4/AdT+lcvqN3eXcvm3Akl252kPgofUL0H4U5I1T7rEH371MFY+hrzq9erX+JnZRo06XwoyWtYZyVCfaOMkHiX64PX601IpgNlvMJ1Qf6mdeVH48itSe2jlHzxZI6EcGql3Ey4EqLcJn5d5w6/RhyK5eVpnRcvaf4p1Swwtw8gTP3ZwZUx7N94V1mmeKtNu1Q3I+zEgYcN5kZ/wCBDp+Irh5EEfEN9BKOoikbLH2B6/nmmHThnzbdmglI52HH5jv+NdtLHV6fmc1TCUp62seswhJ4hLC6yxkZDodwP0IpdntXksGo6jpcu7cw3HHmQHaT9Vzg1ur4uvQoH2mDp3R8/oa7lmsXvE5f7P7SPpDy+KPKPpT9Tu7LStPl1DULmO2tYhkyMep7ADuT0AHJrx3xR4x1nXL8SWFxdaVYwn9wkMm12/2nI4P+70HvXG5Jas6LNs9dMR9KY0ZHavED8SviDoTA3D6bq9qON9za7Wx6ZiK7T7kEVv6T8ddKl+XWvDN/aHHL2U6XK/UhvLIHsN1XdCsz0wpTCntWPo/xB8BauQtp4msoJenl3u61Yn0AlC5/DNdQ1qSAy7WVhlWByCPanqibGYU9qY0daLW7ZxtNRGA+lNMLFAx0xo/atE27f3T+VRtbvj7pz1qkybGcyUxkq8Y1OMMp3Z24I5I6getRPER2p3EUWSmFauNH7VG0dO4rFQr7Uxlq00eKjZKpMVioy4qJlq2yVGyZq0yWioy1GyVaZCKjdKdySqVppWrJSmFaQEG2kK1Pt9qXy/agCrtprLVzyT6UhgbH3aYmUStJsq6LdvSoroLAhZ8DHXJ6VQrmdqEzW8DSKgICk7ieAR2/z6Vhy64JLaNrgrAk0Mjk7wCuOmDxuI5ztyflJx66suqQxXRgupYU3EhSejYHZj8uD9R1xXOaqsd7O9tBJHA6yBllD7YWXcM5wMHGxSCBnAXk4rnrSe8X8vx/I0gl1RaW9msrCwe7bct8inzXkwsZwuc9uQCwP6esVtqVybu6S8VR5QIRUk+XaMEscZAwGUjJ6A8jioFmtJfD+l2d/ZgSWk/kSGFgQqqGAI3cshBGeCDyDgkCuat45dNunSK1aeDy+jx5CMXGSoHBxncoyAMDoVrjqVp03GN/6t1/T5m0YKSbsdxoNw11K28+VGeUQkqWxwfl9Ac88Zya2ygxnqK4PR9PZ7hrqS8s7OOQg+QrtHtAGVXG3GR689ODyTXbpqGnxQKr30bsqgMc5yfXgV2YOtePvfe9DKtBp6Emz2o2VGNX0nP/AB+L1xwjH+lPGqaVj/j7z/2yf/Cuz21P+ZfeY+yqfyv7hSvtTNuKkjvtOnfZHcrn/aUqPzIFOmTY2CKtSi9U7k8rW6IdtG2nheadtouDRFto21LijFIki20mBU2KaRRcCIgV0Xw40M6hqbajPGDbQHCZ/jY/zHbv1PQisfT7KbUb6KygB3ytjIHQdzXr2l2EGk6bHY2wwkJ6g9T3P19+p71xYyvyrkXU68JR5pc72ReZyRIQeAf6GnvKfkkDdtp/Qf1quW2ylScBxx+RFCvsJRzxzz+v9K8rlPTuaA8uZSMjZ12nlSP93p0P6V5X468GePdRvY9H0i903+yrpZEk2Qi2S0BK/MQCSWJyOAeOoPUekJEUbCuNijHXsDj+RFWrT7QJR5jBsfe9yOG/TB/ClKCa1KUmfHF/pc2k3z6fczs8sKpuO8kNuQN39iKrapeGx0q4u1USGGMvtJxn2rofiFMZ/Gt/II1VSIcL7eRHXK+KMHw3qAZOPIbJ/CtIRWhzzZV8M+J1v9Ovb3UbPakEkUSpBJjcXDknkHgbf1ratdW06a9it0sbrMk4iz9oXjJAz9z3rifh7LHDo+pS3VwttGt1bqHZXbkrJ/dB7DNdVpWqWT6pZwwasGaW8GAqy45YYHIFeoqFK2pwSrVL2RmaHr+oXvi250udYRBC0oBRSG+VsDPPpXUA5HL5zjOR1rz7weGXx/ernJDXGcjr89egHJGCBjHNcNaCUrI66Um1dlaZrNJ4/OYRkkhdkeSR3+lKl5p7ZWK4uHfyXlQGIAHYpbBO7jgHtVe/a3WeMzG2TrjzZFU9O2TUKT2Qt50gns2lFlcKFjYFj+7bpXRSw8HDmMataanZFbwvri+I1uFksvIEIU8vuznPsPStn+z4uyJj/erjPhU+0agAOSqZx7Zrut3t+tctalFS0OmE5cp2XibxBqXijUftV8PJtoyfs1on3Yx6n+83q35YFVIo8cnqf0rP1y8j0bQLzVoLKXbbpv8AJkl5JzjrjgfhVTSfEBvtMtLxrRka4hWXYJeBnsOKqFNz1ZnOaidEYUkQo6hlPUEcGuV1/wAL+WGudNUkZy0Wf/Qf8K1ZNVaKZo/szNhQf9Z6jOOlY2heK9Rv/iDP4bmtrU2axswJVjIMKD1Jx39K0dN2IjUV9Gc/JE8QIuIHi/31IH61JpN5e6VuOj6jf6az/f8AsN28G73IQjP4iu3uLOI3kyj5VBxhTVK40i3k/gT8Vwfzrn95HVdNaieHPGPjV7iO0TUNS1mRhhBNcSbwvfLKwGPUtnFdj/bFxHCh1W6WCdeGgS9e4K+x/rx+PeuNg0/yHYIsao4AcLkZH06VdVI0+6oWr5HNXbJ51HoX7nUYZWVodP37c7WmIGP6/wAqoSRmTqkEK9lihAx+Jyf1pxagNVxpJGbqNkaW0cbB4i8UqncsqMQ6sOhBHINeneCPFi6rt0zV3RNRHEcuNq3P07B/UfiPQebZpGAbGc8cj1H0rTYh6nukkO0nPHOOahkiI6iuL8O+Mre406TS/EzwF0XdBd3O3ypdp3BJSxChuOGJwe/ON2/8ObQQ+C7ALYR2SvGrhI0VVbKjLjazDk5Oc89arpcnrYvslRslX3jxUTJQpCsUGSo2SrzR1E8dUpEtFJkqJkq6ye1RMhrRMhopFKYU5q6yVGU5ouIgSP2rz74h+L/EHh/U2s7W1s/IdsQygEycKpOQ3H8Q5AI685BA9LiTmvN/jxbos+iTCNA7JOpfHJAMZAz7bj+Z9axrykoXi7GlFJzSaOJbxj4j1UOwFzcrn5lif5fyU4qEX+t9tFuf+/Z/xrE+HkW/SJ9iFiJznC9PkFdUYj/ZvK8faPT/AGa4nSm95Ha6sIuyiZN/rGpWSq9/pgtUc4Rp02Bj6Ak81Eda1DqttEv41nfEVVGjwY248/t/umrpK+grGdJx6mlOqpK9hTrWq9lhH4f/AFqUa1q/YQfif/rVGdvtTTtqPZmntCwNY1g8boh+X+FQXmv6jaRCW5uIokztB255/AUnQcGsfxdn+zouhxMP/QWqlSuxe0sdQreJJokljnt9sgDDM8YOCMjjPHFEsXiYHa9xAnAPEqHgjIPB9DTYdVsIrS3jYzhlgjyFiUj7g6fNVrUdUsoroAecSYIGH7pehiQ9d1dH1VdzneJlfYyr3UNUsb2C0udSIlnQPGE3EEbmXqD6qatpd6sQM6g5/Fv8ax/E0yTeItCmjzta1Gc9R+/mFbsJUkAiplR5Xa5aq3VxFn1QjnUJB9C3+NejeDIjF4ZtS8kkkkhd3Z2JJJY+vQYA4/8Ar1xFvCrjgV6H4diMeg2aeiH/ANCNdeFhyyucuInzRsXlGaft4pyJUgSvSTOFkO2jbU22k20XFYgK0xlqwRTcAHLIrgdUbo3scdqVxHa/DTSjBbHVp4l33PEO4/dj5wfx69uuCMiutY5Eg7Z5/wA/jVfT5VewtZMjDRKRj0qRXPmleckYrxZNzfMz2YJRjyoVm3Rq/GR2/L/GlR45cCQYPb8yP61Ed0bZHKn/ABA/pTmkifJPDfMfrzSsO5NFG33jLkH5j9Oh/WrdtH++AaXocE+46H8RxVDEIY4myoc59Np71PbLCJFEm98EKx7L/db+VFh3Plj4gSxzeNr51+QbYAP+/Edcx4hUzaBfQoWdmhbCgcnium+I0iP43vmhX5QluB/34jrCDkj5k9zVx0szGW7OD0aw1d9BvYLezlWY3VvIqSIFLALKD97AwMj86vaJpfiWLWdOnktY0ijvI5JCXh+VQwyeueldkJF6EHgc0m5QAQzcc1s6rbvYyUEcn4ZstQt/GV3dz2UywO8+2UoQpy2QRXZllBHUGoQ+B/rG9eaiecpt5Uipm3N3ZUUoqyMLxx9oZrX7PaXF0NrhvKUkL0xnANZ2gJex31xLc6ZdQRx2Nx88iMBuMTBRyOpJrWv4tVvCr2t5DbgEgjyid34nPp6UWmieKpbB799asILeKRYiZGXJLAkYAQk9D06VUKqitSXT5noZfw1WSFL15Y3jJ8sDK4BxuzXaCRcD95/KsDTdG1+8vEtzr1mS2QuznB7Z+QcGq8mi+Jo5GjbUrfcpIOPX/vmolUhJ3uXGMoq1juPFCj/hXWt4ycWxxz7iuZ0TV4rTStMga3kk2WMZ3CUDPX2rptK0Wa68G6loVxItu05aIspVzHkL1APX261Hb+A7dILdJNTlYwwrCcRABgM89fet1Kxg43VmUdQ1uKG9TNlIytBG/FwB1X/dNZXg2ZZ/jRcSqpQNak4znGYV4zXW3Pg60uJI2a8nTZEkXCjkKMZpNG8F2ul+Kjr8d/NJKY9nlFABjYF5PrxRzDjCzuat0f8AT5/qKiY0t03/ABMJvqKhY1mjUUtTGaopHxUTSVSRLJzJikEvNU3mwOvFYOq+KtMssqJjcy5xshw2Pqen9farsQ32OuV6eGFeU3njPWpX/wBDMdmmc42B2P1JGPyFVz4q8RN11R/wij/otS2hpM9fbDAqRkGrPh3xVrPgtv8ARW+3aLyZNPlYgR5OSYjyUOT05ByeM8jyLTdb8XalcLZ2Fxc3Mp7Rwpke5OOB7nivQPC2iarb28x8S3y3TShdsAcny8dcsMDP09OtZzkomkISkfQXhjXtH8UaeL3SZycAGSCQbZYs9mX+oyD2Jq+8PPSvBbS2isbxLrT/AD7W4QELJFcyIwB64Iark2qayu1Tr2sMT0VdQmz/AOh1kqyNHQfc9paA+lQPFXkEWp+IFZJP+Eg1UPGQyB7ySQZHI3BiQw9jxivT/B/iC38RWZVlWHUYVzcW46Y6b0z1U/oeD2J1jUTMpQsWmi9qjaL2rSeKmeST0BJ9BWqkZtGaYvaoniI7VieKfHGn6ZZzNYRNdSiNnimaJ/s5ZXdShcDAYmN9o4Bx15FR6F4103Uxd75IB5FiboFXADFc+Yo5LHGAOFxkNyeM6akNG9GvzYrzn4/rt/4R89iLn/2lXotld2l5FFPbShlkTeoPDY45x+IrgP2hIJ/sOiXywSm0txcCeYIdkRYwhdzdFyeBnrWVX4GOnpNHhnh20mOkyRtFskE+cOQpxtAzzW4tu/8AYRgzD5n2oOF81emwjPWqbajZZ/4+oP8AvsU06hZd7qD/AL7FcvtTrdO7KHii0uF0dYlQSO04IWJg5xtYZ+XPqK1S6Y96rDULORgi3MfPvn3p4sZ3yftmPTFox/8AZ6znUT3di4waWg9nQDk0147jPy2d43cFbd2H4ECn2ltJYyG9knSXykZgjWpHIGepYgfXBq0nii7cDbGgz7//AFqzdWKemprGjKSKJhv+CNO1Ig/9Ocv/AMTVe9sLu7iEU+mamVVt2BZyjnkf3feulXWNROOfpz/9al/tbUDzux+P/wBal9ZXYPYPuc/5N0yqG0i9JChc/ZJugAA7e1PmS+lcNJpV7kIqA/YpfuqoVR09AK3f7W1E4BZSB70h1bUuu8D8ar62R9VXcw3sLqaeCeTSr0vbptiP2aUYG4t6c8sT+Na1vb6nn/kGXZ78wN/hU/8Aa2pf89Keur6mD/rTT+td0P6v2ZesIdSXax025x3zGRXoHhi4t59Mt7Qs0d3GCGhkUq33ieM/e49M4715hc+JNVtod/mnGRmsp/El9PeWyT3S20ckyq05GREpIBc9OnX8K1hjHF7GUsHzLc98EeKdspNCtriHQ7FLtrhrjyFMn2ggyBiMkNjuM4/Crnl+1eop3R5jRUMdNKVb2e1NMZp8xJUKUxkwDx2q6YzTHiYjgc00xNHoWluv9kWJjGAYVxn6VPIGPzDknrz6VV04g6NaNgLiIdO3FTrLJkKF4PJ+leRFaHrt9R6vIqhGXcMrzTozEXUsv3mZRWXqerXFoUSLTJbuRvn4dcAe6jMh/wCAo1cf418V+KdLtbF43sbMXbSMhit2JULt7zAHPzd41/Hs3JJXGk2ehXFyLaxaeO1WTapQoTjeegGR6nFYtl4jmGuvbyS/Jbr5ZbysqW6sDjG4DGM8YJ69Mcp8LdevPENnr0GratcNMLtUI3qHCNGMFc8KNwPbGa0dZ0q2h067tm1W+vbpoCQSTJGAQUVsPkgdRlTjOcDNS3dXRcVrZnhvxAuoJ/GF/JFLGEPlBWXkHbEgJ+vB/WsSG7ia5SEyMN+Tkjjjucc1L4gcT6pM7umIBGju8e0khQoGMnn6E9OnYc1bhE8UrMboKS0ivH2xsbnjtxnv0pUpOUlE0qU4RTk1+R1IaAnm8U8ZP7s9KmdYo442N0CsqeYuIv4ef8DWWDaKEUXlou9SAfM4PU5z0x05qfWZAttp0Md3YLm0OWa4jCkZYcZ6ivT9nBRueVKpPmtsOv7m2g067vI5DL9ngM23ZjcBjjOeOtZGjarFrFs8627RBH2bScnpnP60jKW0DWRJeWUx+wP8sU6MwxjsvOKyPAJA0u5JYg+d/wCyisZwio3RdOTb1L2t3t/ZLGNPSIiTduLhiRj6Vs/2zqGkeHNTktYrZpry1FvI8ifdDlWLD3471k6rIUmgOQ52OMEHHOKtXiC50jyTna7Rr8oyQPlHArD2V46vc2VTlei2NL4Wy381lJqd7d9Xkt2QBRx8uGG0ZBBz+ntW8fEWw7EvLQqvAyY84rOtE0/S7OLTrMOI2kdpZTgEktzye/bI446emQyWW47dIlkXPDeQDu987ea8ydRLY05J1G7HpjapLfXLzyW0dtGqhQoz065JP1qRJlcbk3SKf4kGR+dcD4d1LUda+G3iKfU7gXM0ccyKdiqAoXIHAFc1pcN3/wAI5o32YTFfsjZCj5c+c/b1r10nFGEnd3PZBKP7kn/fJpqXVs1x9m86MT/88ywD9M9OtePaumsGLTN0Ny5FlHvXGTncR9Ks+Fd//C29KMyuG+xAEP1B8lqpXYj0O841KcfT+VRM1P1M7dUmx6CqzSUJDYSDIrD1m9v4D5dhpr3chH3jMkajr6nJ+mPxrWeSkh2l84Gacm1sJJPc8/1Kx8X6nkXEO2I/8so5kVfy3c/jmqS+E9bxxZqv/bZf8a9WQrUqsvtUe+yrxR5R/wAIprf/AD6p/wB/V/xroPDngqzJE2vX21f+faFWJP8AvPjA+gz9RXfQRiQEjaAO5PWnQxb3KADIzQ4zY1KI3T7jRtMtRa2ECW8I/hihYZ9ycZJ9zUkmqWjfxk/WNv8ACnC3bKD5fnOB19Af600x4QNleTgc96y+rtmvt7DYrozsRDgAdXI5P4GpYkWPO3JJ6knk0xrcpdLgfN8wYjpxj86nEMpbGAOx56dMfzFTycugc/NqIKkt5ri1vIr2zmaC5hO6ORex9D6g8gjvQ8JVdwYEYB680wN60CPX/Buv23iS0I2LBqESjz7fP/j6+qn9DwexMHj++1HQdMOpRWtvc6fHzd7+PKUdWbruQjA2gA+5+6fAfiVq95o2jW11p0kkV01wqxyRttdCPmBB9QVBGMEEA545r6B8UPipeaPFpMN0l7DDCqBJbSEsVG3blmUFjx1zu/HmtVUtq0YT0djG8X61dTGXR7S/uZ9JES+RBLK7/vFLbs78Mr5BGD0xhS20VyWnapqtldOkc+65vf3YSVN8obzT6Y+b5T353g+uLfjCTXoLlU1W3uJHwFjDxZaEcDYF/u5+7/Cexrl4Z7i3ndmhkkyyqI2j3EHduAye+B6H5SeCDiqda7ubciUbHvnwCt9V14TTO8o0qy2tdmTJ33O7eqK2eAGUykYBGVB4avR/jcR/wpTXyCAF+zHH/bzFXzZ4R8ceLNClkv4rC3u7G4A3i4jkMLMu1t2A4DNujU5PcdeTXX+JPjHdeK/h7qnh/UNCit3u1ixcQSkKjJKj4KHJ52469ac6sWrGHLaaPPtCWK98Rpa3IDQFWO3OP4Mjke9djFoGjsrEWanAJ++3+Nef6RP9n1qSY4BWGQrnoD5ZrotC8QTT/a0NxHiO1lkXaOhAzWXJF9DWpUmnozS1jSdNtrRbi2tBFKs0AVg7E8yop6kjoay/FyyN441GNWZYjqUybQeMeaR65HH86jTXJb5Ps8k6uvmwtgLjpPHVjxU//Fc6nwM/2pNx/wBtjWVSC6I2oTl9pmjd6Lp8KXHliYSRQsw/eMR93PQ9e1YdpICSilvlIyMZ712GorKsV7Iyr5ZtnKn1JXBH6Vx1uVDc8kkdycc9h27/AORWUoKJtQm5J3OlSRCBhPxp+8f88/0pltnywDjPerArOzC6I96946TzF/uVNn2pjGizFdERlXH3DTfPQfwn8qc5+lRM1UkwuiDUp0e2KLuDZB6e9YcsqSypGjbmVxuX8fetXUjm3bgnp069RWaU/wBIjcK+Sy9TkDpVepUWfX97A3nvnnk81W8k+leG2njzxu2uTztqUkogDL5MltIRJwMHaEx1Ydccjn3vy+NPHn9kw2dtBMHhQ7roW5MkxPu3ccjjB711rG02rnlKhLY9iMJFN8nHJ4Hqa8O0nxT46sLK4s1mkm8/5vtE0hkeNhydhfjnGMY7+wxoaJ4y8bLHdW19Db6lHOpkMlwi5T/ZAGBtOOmMjt1pfXae9x/V5voa3ibxzqMWqz22mRpFDbvhpCFfcA4UnBPT2HqOarLq3iTUvA+sXdxI7QwbQk0YVG4+ZuRgEAAHjJ5IxjBrh9buNRUuLPTxBDISPKgQkI23blWJLbcZ4z/EeKk8B6/4wtdGutEVoltr6IpG12T+6+8eDnjILZOCTx7VnDEKTu5Eypu2iPrjRCf7EsXdMMbdMr6nAqRpAPlH3mOTiud8K+NPDN/qFn4Ugv3l1mJDBNEIHCoyD5ssQAeh6VsWN2sek2M13JEl1cRJnLABpCuSFz16E/SlB6HYyv4iuNWitJZtGEH2qKFmSOVc+YQpwo6ck4/z14j49NstdClIZpCJzjHI4iz+tehyK3mOCoL4HX+HrXnfx4kMlloiEI7ZuVwR8uCIvzp1fgZUPiPMvA91PC+r3LXht7cw75I1Gx5GVWZSGKtjkg+mFbIPbrdMuvs1l/aF5rdt9ru7YXHkyMEk8wkfJIpUF1xyOpbII6MayvhpoLa3dapbfYRcossZdgxRT8pYRn5GCKxXqPQDpnPrt58Por3ULbzrgxxfaWnZYZm428ImAAMFfvHPXOB3rGMG4nQ5qJ8w6wHj1aWFHj2+VHwF6Aqp2jPPHTt06DoOPNx5euTROUKnfuKkHeNhP6c9a674iwxaV4sv7dW3xb0cNgfxRhsDHGMknFYkU1nvBlmtwrSHay/NjHU5H+TxSjOEd2jOdZdylA642NII0KkqwUHJ7A7enP1p/iFSdN0jy3MmLV1KggbfnbGM9v8AGrXmR+THKjRCI7uFU5GO5A5FV728toVQvLC25uVBJ/OuiGIp25eb+kc1ScX0M/SoJgmqu6uIzpkwyVHXA9PpVnwKlydMvNsLMqygk4PHHrV6XU9MWFf3kTAj595zzkcY6+2a0YtStrqWCzj2SB2CLBjcFPQdOn4An+dc1XMopKMIsyW9zOvpEaWISMMBGPyjPpV4COW1ERuhbBiixybc4YgYzzxzWz4gttE+zzWlrBHG0UCkXYjJDN0wvPO498Y+tY+nQyRT2/2iGNljmjdkeRRwpHUHOCOu0jPHY11wq81O66GnLaWpqWmnfa4y96qzXJwhGSYxzktjjacfyp51WyiJjNjvKfLu8mXnHfpWdrbX0WtnVn2IYCGjdNoVwSeuDjv3I4rQ+wyy/vA9+4f5gwjXnPfls/nXkuN9z16VTkXuk3hia6b4eeKReSzSssU4QyFiQPLPrXF24uW0bTBCJti2hX5ScZ8xz2r0qbxZDaxuuo27W0iLgbZS6yZ77to7dvY1LpHiqy1B9sDgEjc3bFezSrQqq8WeNJcr1PN9fW8+y6P/AK/d9gG7G7r5j1N4Vdo/ido7SE7jCq5P+44r1k3imPepB71zOp+KRHcCOHcUGM4+vIrdKzEzT1eT/iay4/uiqUkorofAnhfU/GmuFkie1sM/PcyYAVB1bnsP1rO+NFp4V8HOtroniV9XudhaQ+UrR57KGU4zRdR3LUJTaUepkNJRHJhs555rzp/F1/5cb+fZqJVYhY0LshHQPzxn2z9KtWXi6cRpK88EueqPEVYe2Qcfjg1V4syd07LX0Ot0+3aztIbaZ/NK7vm2gYBPA/AHFW8R/wBwflXM23i3TLkZmaS3ZTghkJB9wQOR+VXLTXdLuphBBeLJKeg2sufzFCUG9ynColflf3G9GVXoo96kjWJc4jHPX3rNSdT3qwkwx1q/Zoy5y+u0cBe2PwqOa0e6nt2Sd4hBKHwp4Iww6fjUAm964fX/ABrqunazPaRIIlBG0NGM49Rnrn6VElGCuxqTZ6q0snmx5kY7c7eelPSZkYMG5HTPaue0HWkv7ZLmd44cD5gzgAZHetF9RsQM/brbHtIDXNVXvG9N+6aCv82etSebjrWC/iPQ4n2S6nArenJ/pVW48Z6DFkLe+Z/uRk/zrI0uWvGu67sbe0SFJGklIKv937p56jviuMs9X+yxxS2+m6bFInzRt9m5HPB75/8Ar1NrvivTtQubdI0n8lJNzySW4fsei7hn8xXLRXUjbAyvkDH3fxrmlK89xJxb3Ov1PS7jXLTzJbWyRJVDLJDCIwp6k43gE9BkgnAxmuduPD0FpqdnG6xeXJIqyBl3DkbsgBumAR17+/HU6LBDNp1oSs27Yoc/2cxAPHBkIx+PSrWpeGYmd5ZldBvXYpkVDt6E8Kf8j1rkVaSm43/Ab9TPj03TIg9qItIjdQJF8wYySTx99s7cHHpn65g1mGCPQLiJbW2W4VWVykIJP77b8p6gfIOwyc84yA3V5tHs7WQQy6hczSxgKuyT93t6MSdo6+oPToOoxJG1CXSrnRo7S+llZg8Mv2Y5kGTu3A8/jzWsKk+W7MuZJmU8UlrtuHgeNnyA+3qMcjnrxUx+2WsbvvjhO0hhmMMVPUY6mnaT4V8RPKM2M+3riVCBx/vY57VsyfD/AFO+unNzqDwQltyIwVuvqA/UVvLEqGjkU536GBa3Tf2pYQsGLXEsexQv3/nGBwPUD9K2PGk7QeNtWdgMDVJs45PEhPT8vyNa6+AVjvLe4k1b5rdQIf3YTkDg5LdvlP4V6L4e0XRLa2eTUvEekXUkmNqyLcEx9+q7cnn3HHWnTxMKm2v3/qaRbb2ODi1hNXtJ7fToLu4fymVtsDbVJUgZPQfjWA8dxZuI7hFUkkArIrAkEZ5UkHtXf+K20K80aSHw/MLwtLkzW4dFymPlKznPdvmUdVI5ry62mWS4cXdw8sm4mNDIS249ffPFKVWU52UdDaHLTj5nX2sg2jmrXmD1rJ0ay16/jJsND1O8C/eNvaPIB9doNXJNN8RxqWfw5rKKOpaxlA/9BrZUZMy9oiwZR61E0o/vVmtJehnU2N2GT7wMD5H14qs95IDzFLn/AHDT9i1uS6qNZ5uOtQvN71mPcv8A883/AO+TUL3Mn/POQf8AATT9kxe1Rc1Gb/RX5z07/wC0KzorhBJEDxhhjB96ZK7TKySK6IRy2MAd6yb4tDIAnzBh8pFTKNjWFRWse2JHrkRWJbWJiCTvEwA/X6elNEetFtjPNEoPJF0CfyMdec6X478QWNlFZw36+TEMLuhQ/qRk1b/4T/XpDlriAkd/IT/CvHlh6ieiX4hzx7s7pjNCzGSacKBkkTLj/wBAwKzLzU7CTaovpX5/hu1H6gVweqatf6rn7be3Eqk52FsIP+Ajis5raI9P5044ZvWTMpTl0Z6bBJbvtkacjH3d94eePY/0qzaxWclwkpaNMluBcbyc+mT25/OvJzbDjY/5txir1hpOoTqXtbO9uUzgeVAzDI68gVXsHHVS/r7yVNnpujDXoPiBeeIYoUtkuPtbb0n3FfMjcLjABzuKkHj14rp/BU8EvgCx0bxRf3tnqVjftJZyRIrui/K0e52O3YGMmQOa8dtdC1ic4TTJYsHBaZhH+h5rqtFtdf04qLjVLd7dMZjZWlwPQE4I/OreJqQ6p/16lKSPovQNe06DUNB0iwvdPl/tZpPPMB3CJ0gLkH5vkGQFGRzwMDv5Z+0br+v2vjb+wxJZtZ2aLPaOYMSFZUTcGOcEblODjtWHPOrR5Z1YdgvcVUlngkUI1jHuHBZ13ZXuPbqfzp/XZSVmik7ano/7K5vL5fFE9xKFANqTsAH/AD19faur8ffFDSfCNxPDEt3cSQwAARou0S7myCTz0xnj8sV4LfXF7KsUNlPLbqpIPlkpgHtgDp3qpeW8tzZCyXf5YJ+eQndkkHrj2q1jG4JLT5he+pzPibXE1e+uLnasZlAYIxIAUKBuA/Dt3rlbsTxJFcI0Uu99oUBj3yOcYz06f/q9Cu/BljfQwidLrz1GDMJOW5J5GMd/0HPWpLbwPBb2/li41A4OVUyqMD8P/rVlGpSjrcXsm9Tl49CvLbSr+9OtaQjadGm+EytveRif3UShDvIHUkhRxz2OZBDPNauTfJFPyjRvGNuPUnBxz/LqK76PwbZCP96rXQyf9cRJhfbAyK04vCGmqAINPt4QxyCFGc/THSoliKa+H8v8yeSz0PDpJZIXcLujlDbSVOccnvUtjJfKQI1mwD8owdpbt7V7l/wjVsPl3ohx83lKqge/IyPzqzY6HBA4kDlwAQFY7lJ79Rx+GK2eOi18I+Rs820TWtS07ULe9ksnvZomSbZcBjEdrcfJn5j0+mTgVquLnXvEU+rNpM0c91KbjJgcojk54GDivRbKytohujiQKowR5Y/meatMyrGeDntxgY/rWSx8o/DEpUn3PPdKtdbj06S1utPvBcBmw+F2sCeByemKg+wa+eToZJ9fPx+m6vRobgKmGROegJPBqf7a44zjHbA/xrB4iXY1XmeO6zpOqahsAvrRIN4HFxvVwB1HofqPX0rm9aS/028eGKS4CpgCRRgfoTxXYSeAviBrErnS9LBtm+79nRlQr25YAD3Ga7f4dfCfxlZ6ibjxLFod5bbCv2O/LXCgnHzLsIAPHHJ+lelhqU6S956GcoOctUeTeD9W1QaxGsVxdXSqpeSPzCEZe+c9Prjiuhu/EV1byHOi21u7NuyYGcj3BbJr6As/hd4PMvn3fhzRllPUW8MyflmbH6VynxD8DeFrDTNRt/D2ieL1v3OYltLAyWqPxj5nTlcY+6xP610uUpPRnfhKlLD07ON3c8v1P4g+KHiaKHU0to3jCPHFaKAQMd2XrxnrXIXurM+XvpJrpifl+fv9O1dTpvhLxlbwzw3/AIK1DVXlx5LXNpdx+V9FiZc/8Cz26VSX4W+OL+6C/wBg6jbsTwpspFQe2W6fiaapTbvJ/wBfgbVswpqNqa1/rzZysV9Ed3lWUatnJ3ndj6Yx+tV7m73MCzomOyqFr2LQv2d/Es8fmajJZWOOW8+4/pGGH5mtK7+Dmi6VCXbxbozSA42RxNIxI6/dyce+MUSjCOrkcqxlRRsong26eUEQxzSHttUmtLw5pt0l4txPbzKqMGCkY3Ec8969Ok8JGMMtvc2+4HALAgfXjNMi8JTFsz67tyM7YbZf0JY1ksZhKf2r/I5alStUd2Y63t1uyURVAyc+lD64sA+e4tmIP3VJLfkCa6O28HaR5qm7a8vz6TSnaPyAx+dbFrYwWSA2Frb2vqVjUZHpkDJNRPPIr4FcxjhH1ORtLnXLoM9polzIg5Duvloc+7H+lJf+F9Z1SeO51BbG0MabUU/vG559fqfxruXYyMA021Mc9c/rUauFfjeQp4J/+tjNcFXOMRU0VkbQwsEcJ/whHiTY622p2SJIuw4DKxGc/wB046VXk+HviBlAn1C0kOMHdcOc/pXopnYgYPB6fWk3E/xc579qx+vV3uzVYeB57H8OdTAAN3p6j/fckf8AjtaNv8P4V2m41XP95I4ev4k/0rsDIzD5TnjnIyKQuv8Ae6dccfpUyxdV9Q9hTRj2nhPQLbObWS4bsZpjx+C4FaUNtaWreZa2dpbHHBjiCt+eM1IzAHDDHPB9aT+Es+3aPSsXOUt2P2cUI4eT5i2T67On41E2fvF8nA6VKTwSmOM528Y9ajaXbxgsT2B6U+Z7EySHRyMq5HzdCcHjNKtxkE/Nge/+femDzVbDlVGcgDk4/wAaaVJxuyPY8DpTSbJUWTmV9jYPy7cDnP8A9amPMyAtx16elRSY2Db87Z5+bj+nt/niodhVwkStuB+Xjj8qvYou2uo3tjMZIPL8xl27niV9o743A/p1pX1vUSfmisZOdx/0GBv5p6+1UWAY7vL4x2GeB+lPdWCrtJj4ycHIxnpzRGrJbOxNkXrXXNQhQJBHYxRDrGNNtkUZP/XP1Arrvh1/xO572/1PT9KlW22CNxYQq4kIOfmUDgLg4OfvKe1edzPGkLmbcCqEt83bGc17H4H0yXRvDNpaXCSLcsPPuVJB2ytgleMD5RhP+A114aVSctXogTN2O58mERxKkUY6KigAfhSfbJT91ifY8VHvC9Uzk8DHaonfkhUAOMcmu1otMuLdzAYLnGao6jYaNqE32i+0fTr2fABlntI5Hx2GSCcVMkoUf6oZJyec0PKQ+7aAxAHTr1px02B67lFtA8MsAzeGdEz/ANg+IfyWq83hjwtIxLeGtJH+5bKv8q0g2Rgkr7jgUbs9H/M0+aXcXLHsYcngPwXNvE3hy0ZHGD8zrkenBrz/AMXeBND8Paggg0a1fTJs+QWQMyEclCSMnHqeT6k5r1zOcgnk9+tV9W0211fS5dOusqsmCrqMlGHRh/npn1qKqnUja7J5I9EeK2/hzw20aoulWvviPGfx60j+FfDm4b9LiK9R5bkcfhWldxXFhfzWF4u2eE4YjPboR7Ecg9KIsbmLMwwM5Cjr7ZryZTqRdm2V7OL6GfH4R8NgAtpmV/66yA4/A1KvhLwwTxpvB6jzpP8A4qr6yeWMMoweuPWpGfY+cnafu/ype0qdw5I9jPXwj4XcgLpoJ5zieX/Grem6DpOl3HnWEMtuxGDtncq31BOD+Iq0CGG1QAeoIGMcd/0/KnMzpGCcFccnkEf5/pT9pJrVh7OPRFmRwUIuFJB7/eqI2ts+GAUkdCO35/41HmJwBtzj+DPr0/D/ABpNu47OVb+HP3h+NCRVhLjTldjs+8vJ6f8A16qmyMQYhQBjHpg1faXGQzbsc5xyPp/n1pV2lWVSCABwQDj0/Cna4OEWZL2fC5dNmclj1/lSpCQm0nKjOMj88/SrzQw7i2xUU/3RmoJow4HEbZAxuHT8On6UuUn2dtgj8lGUsuflxuPP4e1SK8KDy8Y78jnn+tEYWJlZIz0+6CAf6fzqRSrN8i8nnDHB/nz+HrTsXYrHg8Abs45fB/nUcYxIz78oww2DnH61d8piG2urds9Px/CoJ4rhc+VGr5/unnp9BS5ROBEWC5MQZu4Y44/WlE8jj95OVHGflx+PTipI5jFERLGg3c7mJBX09qkUwysEBxgfMQep9McH8qXKS4IqZBOw5JBxuXPP8qI5ZIUKYkdWOMDt+NaH2cIQbfZ5n8LEcjr71WaEyS5llkVz98GQ8jtx0o5WP2TKysdqko3DcEZWn4kPO/r/ALQqSC2aRmBlCDj7rZJo+xQDg3EwI68CixPIz3wwyHklSPVi38qd5KjGZwPXgisnVfGHhrTpPLuNVDSDgpBmUg++3OPxrl9X+JtosciaTpcjSgHZLdEKA3rgZyPxFezUr0qfxMd2zv1WJRw2eOSc8/hjmq1/qGl6fHvvNRtbcHkK8gQn6DqfwrxjU/GHiLVEHn6iYV67LUeWD/3z1/E1jSu7szSbppCRlpGyT+dcVTMYL4UM9X1D4kaFBvW0guL5lxh+Y0J+p5/8drmtV+ImrXZJsYLexixjgea+eucn/AVxhUkZaI8cZznH0p6Ki5XzEyV5VSAa4542rLZ2HZl2/wBW1PU+L28urnHG2UkKP+A9P05qqsexQuPoVB/likTaY2KrkAc5IP8AOkuCAVBTqRjPauSUnL4h2JVjBATLNjkN2H4YoPlqvOOvGwCoQ7MnzEEY45wD6044UBV3KO4bjNRuVYkMh6LkfrTDnccnoMj6Ux5MDG9lI/iDf5xSbowCduT79quKKSHZTOd3PoOaFcb8Lg+vvUaNg9CSeAq5JNB+Ycj7vUY9/atEikiRTvAwpJGTz0/M0mWG358AcnjAz2phww2gbWA6kjp60xY135fO7q2DjgVSQ7EwOQobA4557/5NKHQsMY47ZJ/z2qC3YOSyiRwCQeQPmH0/D/CgzKxG0xjuAHGTg9BzQImCvv8A4HYfex09h1p20gDMZPHXIx/j6dvyqLcHy3l7mAxuPT14z/njtSEhnBkiUZAbhySBzz6Y60bkkzDeCNi7ep44H6io24IyxOTuzg5P+c0sbkndnBJzgZAH600OEAym0k7QMdPQj+dTZpmUojXVhINrOdp+XIyB+v6j/wDWkjsqsuxm5wdi/Xk/jT13GTKoMHHJIy35/wCeaWJlV2GwZPcMAAc+9aoVgJIC4Uk7fy75xx/nNRsW2EjfsAySExkdh+n6VI+wAN9n4ccHgbsDt7e/FMj/ANXlCikDad43DPXHPPaq1BXYxRuZW8wqoILYHIx2/wA+1BTgs5XJJ6dPTvUpDF0T5AM9ecr1/Hr/ADNQys+59uOOm0cc9h6UnsGxq+CdKj1fxXbRTL51vbr9qnBQ4YIRt595CnXOQCDXrxdtxUY9TXJ/CfSDZaE+qzQBbnUWBGc5ECZCdyOTvbI6hlz0rrWOCSDkmvVw8OSCuSiKVWPXGfamMvy7AeO9Py+/lcnpkGkcNvwuc9zkmtguJs4G3jHvTJmP2hI8HBQsT9CB/WpHUswUs3HuaHhj3B90mR8oG89+T/KgBiZ6AGlySSCTmlZYwwADn33ml2oMDLD2yaAuIBk/e6U8ZU5yT70uB0BOPTmh1zx82O3NAHN/ELRxqGnjVLaMG5tgTN/00j5z9SOvbv6CvNrVjJGHkiVH7qp3Y9O3evboz5b5ycD3rzHxzo50TUhcwK/2G7J24OPLbuv9R7cc4JrixdG/vopPUyQquFG2MKP7w6fp/nmpGOx8/LtK8g4J49x2qFJWfc+393nDAR7cY6Hp7/8A66njlYQHcvP8HGM9yOePT8/pXBYvQVYwGynzEDJAGTT4SNxO9RhSQN3P09/8/WkUrGysoiwcEgtkfj2H0oLbvnX1AIAHYfp/9egNh5TOULogUHO0d/rz/k0uAZMtuzuxkDb/AJH4UnmEphQGGDjdhu49Txn0p0rDcCrhS3cgYz7ex49atFaDXdvlLZCHp3P1H0zSx4wD87Z6kdx+fX8ulKZCkhjkMXP3h2POPX3P50m5Q4IdgN3QHjH1/wD11SsKw5mfeTvaTPByen+QKQDcGyvlsSQNvcj/AOvTVaJmAkm2Ny3yDr9ahm2BWAkjKjuQeP1+tMCxP5YCu5c/7pH+GP8A9VRJsjJ2PujYjIJLY78d6TzchTtWTacEk7CPpUk8SyFCjOOBkbcYPY0DFaRTEzebKhXHGTyP97FQfbPJ5jhLDqAB/XOKeYFVnUNFubPTuP5E/wCeKY42CNpZc7s5G7r+VFwdyeztn1e4Fr9nj80IZPnIXuB1/Go73TIdMuFhmubUSv8A8szMrH24zn8a1PBChb+5RXQKIiUCj3FcPrjLcfGBYpFXf9pjQMR90bFrohSjKF+plz3lqzoSXileRQrDPLDn6diaZ5rbWJTJBxuYEcfXFbD2/hweJb7Q9Q8SLYXVjM8RM1jJ5bsOpBQtgfUCs28EEMxhh1Cx1Nf+ekCuFX0++qn16VFTDVIK7WgueHRjbe4gYbGt4mZTzn5j+fUVN9ojHBtFz3zJJ/hUWr3um6fp7zz2118hCkQFT+pxWMPF+igAC01TA4H7tf8A4qq+rTZSqEodpY8xheuCRliB9eAKkBVWWOWVQ55Ul8H8KWOUshRJVRsZHmZUD+VRxvIU3eYNwPzHkKenI44+g4ryrdzTlJPMj3Bdyqf4hyf0HamSTHygfLkx2CKpJ+maQxozI+AHU5G1R+eSDj8KlKkfwjI6HH8yalpD5CJWcqWGYwTjBzz68n/9VKqBSC2d3+0M4z24odz5fHPfinAfIoCe+Mf/AFqfINQQZbopODngnFHCrlhls9+1RuuCNwwc9M803OQcBgx6gVSiNxQ8Fupw2B3OaWEMF/eZIJJ4bpTXPy5JZArdm/p+tIJQD9w/8CPTt2qrD0FZsEZwRnHt+tDd9zgKOQCMUiMzgjLZHXAz/TihVKphoxu6FQx5/r/+uqjALDnLOmw4AQ/d6e1NG5tyBWGOvQce3tSqSFDMM44A4x06UwnJOQDxkru4H8s1TVgZKS5wF5bvz19eTmk2ZywIIJ45wB6/T86IyxBCoX7YCZxz1zTHTLMQn8WDnt6D2oAkzJx5h2546Yz+GPWmhtxI4GDz7f04JFNbD/LIGbdkh1YgHoPy57/pS7BHE5cMQq4O1s4/XJ/n71VtBD03tkvtXsMk85/Dp/8AWpArmQJtYydSFPH4VG0MjjfuMUxGOTn9OMHp6/Wpm3QKQgjQ7CVU/KCeuenQHH1/KmgEKlA3lHB4KBn4Ax3/AMn88U9WLBgjCTGQWyefw70xBhdoViP4sDHzevP9OOlOD7lCu6sTjGcn/wCtTbJEdWwFJZeh5LYP5nr04HapDFIrne6kKp2BEHGB69/070xEXLP5sW4HAVeNq9+mc+3ufSk3XDsSzNtC5PUkDjGR29qFsSRyNHI5RowwBwd2CP1H+cUMTuDgIA2eSBjr1PH+eKlB3YYROygH5ZFXJPXnpjNRXSmVSG27GOGGeDk//X/XFHqR6gscm3+HA7LgY54Gf0/OoYoLrUtRtNKsn2XN/MLeIkfd3fecjuAAWOOyn8LMxG3c+AFABYsuP8D/AJ9K6X4L2Ml/rt/rxlBh09BZxDIO+V1DOc9tq7R/wI1VGHPUSJlZaHpiW0dpBHa2qJFbW8SwwoowFVRhQB24ApuGzjJJ96nf5eQwz6AU0hhyeK9gkjOACCce+KTIA4/CnPnIyf0pGyQMdvWkAihgNz4A7c1HLl5IyoOF3E46fdNTphlHORSSssMYYnG51Qf8CYD+tNAMRQxwDTRnJU7SPYc1IPuhhnkUY3Hj5fxoARAQQFxipQCT8wx+FRhfm5A+venuCVI5oQyOVTu6j2qjrenLq+kT6fMQN4yj9SjDo3+exPrV1we4pmDnOSKT1Qzxryms7qe2nSVJ422YDHOQfrz0/wD11ZaUxlC8AdSD+7I7+uQc/wD6q6f4k6Y5EWtWsUZeIeXcKSAdp4Vhx+H4jiuYw8kHLr/EFQEfcHfjPtXlVabhJlpjSFaUAxMp6EM+Rz7jv+Jp4eP5fLAWQDvkbfb2zRElw0is7IcjIZlHQjqSewP9fwlkklcAxqpbGGLofm/D8v8AJrAYwHAJEay7WPGAQDjrgjOe/UdaLecGRt8fy7hlgRt+nsTT4ZJiY3KqAFOQWwWz/n8wadcZb5hEWDdx0B/p260w2ItyCARupDM20AfhnnnA6/pxSmSERMsgXjkNnP545/z+bijrBHK0qMjuVCqNp49j2oWVpkdBsR8YyW6Z7mqT6FIeMkH92qswx94tnnjpSxW3luj7I146lfveuMjPeoQskc7NEncAqu1QePY/07/WpLfzI5SwIKMcAE/yPcVSsxoWN1ZsCQHfyQCcenGB9eaglW4dmlVQxZsBdp3c9h+GKkVRMx2lSFwcjB98f5/+vUjR5ZnkYBEPCsvHfgGqsxWuQxyNHJuaMKoHIUDkeh9ajkupS8gjiDKM/d5xjt0qzDDBdy+YpEhC5PJAAHbPfv7UjF/mHmKnTLZHy+3uaXKFmaHgu4jt5LhrmVA8irtG7nqe35V5jrOpJafFGfUL2RreBb8sZCOAoIA/Diu6LReapAcuq/eQ8N/j+FV59LsblZTPbpIWbDo1uCf55FdNOv7OPLY5p0XJ3TOS1nxBaa78Q9d1W1lRorq+mmj2nA2FyV/SoNX8QDSYkmiIcmQKUz1710D+FfCol83+y/KY8/LIyfnzj8qjuPB2gSJu+wApy2PNc4/Hn9a6Z4ynOHK0zL6tUvcwb3xhZ65p0lmN0E7svEnT1PPT1qmr3yKEXySFGAdg5rr9I8IeG4mybZnYryHkyuPp1z/jWx/wj2iHkwQg+4Gf51z+35djRUZ23Kvkqy4VDu9dtAVEIA2nHHI5x/jXfSfDLT2YEeItXjGeVHkn6/wUg+GWnKTt1vVST6iLH/oFcn9n1/I6fanAhTklFCYHHzcfnTCxVSCy8nJwOteg/wDCtLDI36/q+0HICmIZHudnr6Usfwysclv7c1jkDBzEFHr1TJ4o/s+v5A6p53GGLnapHrk5FNkLqx+U7jjqQP8A9dekN8MtM8llXXNVaUnIaTyio59Ag7e9RR/C7SVX97r+ryOFI4MQHTjjy/X6/hR/Z9fyF7Q87Y5cr8y84HGQP5Uh+8N4PGB90/5H+ea9Fk+GWmlNo17WhnGOYefp+745/SrA+F2jhV/4nOupnGS08WSO+B5X06/1qv7OrPsP2iPMnaQYAV2YcYXrz75/z7UmZQylYWDtj52X9Olemt8MdE3nbretiPHADQg578+V3+lMHwx0wXO9dZ1YoOQrNGcnHsn+f1qll9a1tA9ojzaJ5QmX5XOR5nHamozHLKenctye3qa9Bk+FVpIpRtfvlJYtu8mMMPT6YqVvhZYyIsCa7qqgdSGiz/6B9aSwFYXtPM84mwMktu7884zS7GdDvkCjqV3cD8B1/wA8V6dcfCrQyyiPXNbAX7wWaI5/Hyx/Wqk3wltMZtfEero2DkP5TA8d/lHpQ8urX6CdRHnflsNuST/tOQP0+v8AOo2ubczC1hMxudx87enybCBgDnJP+e1eqW3wo0WO3Uz61rhdDuZxcxhRx7xn69a861DQ7Gy+KFlpMN7NNpt5cQWyTmVDOwOwOT8oAblyDtI4/PajgpJ++kHPcgSNnYM6DIGD5jgHGfp16f56ih0xhCeudo/ln+lenT/CjSP3jf25r0buMKftEJx26eV+P+FJH8KtEBzNrevvwf8Al4hx3/6ZH1qFga3kHtUeYOrAbnT584+XJYHgcd/x+vapUiUAZLq7LnLHG39M16YPhfoQkMn9r+Im6AA3MGAB0GPI9PehfhToIRxHrHiJS38ZuYCev/XH0qvqNXyD2iPM3SSTISXYo4UqMk+/tT/lXpIoZhyrAk59S2eO4r0c/CjQsu39teIy5PymS4hYDrjjyuev4+1O/wCFS6FIkgOs+Jss4YZuYCFA/h/1PcY4/HjufUavkL2iPMcSBy7qjKOpUDJ56A55qULGWKfdPUjsxPTPbvXpi/CDw3Gxf+2/E5OOcXUOB9P3OaB8JPDzJsGteJwoKnC3cPb/ALY9+9L6hV7ojnR5dtt0ZF8wM5Gf3bdSe369P8aVmjgl2KAHxgdOc4/w7/8A1q9Qk+EPh+aTe+seJXJzwbuEA5xwcRA9vWmXHwi8OqhZtV8QsWGFH2tBt9xiPr9c0fUam90LmPItSlS2t5LknzI4wTtycseuBz+g+ntXt/w30O50HwJp9jeJtvWDXF2MDIlkO4gnvjp7Yx2rIt/g/wCFI9XtLyd9UuDaL5rxzXAMWSTsUgIAT1Y88YAIIbjupQznIlnI/u/Jj/0GuvD4d0bt7i6kPl7kJJ20mzcM7j+VEkMmNou58nviPj/xyojDOSw+1z4Ixzsx/wCg10BcHB6rxTAGPUc+1OjhlSaRTNM67EKMQvcsCOnbaPzpZIHK/Ld3KH22c/8AjtFh3F2gLtJ59aa8aGMSOSEibzD6fLyP5Us0Dvg/a51AOcDZz/47Ve8sZJ7N4BdXDB0Kbf3fOeP7vvQItiPbnGMZ9ajK7W6cU8RuqhklMgPQsB/QCja54O0n6H/GmBHtbrnPNOZcipAhI5GMelMeGVjlHxjtt3E/ypWGmRSRgLyp/Oo2jGeGNWJorllwJIB6EISCP++v61EYrlQMyQ49omH6bzSsA0WiTIySgsjqVYZ6g8EV5l4s0m40TVfscheaCUBomxyUPfjuMYNepqkoUbmjHuEP+NQ+IdAXxJp6WtzeeS8TbopFiBK+owT0P16gHnFZVaPPHzHex5GkKxLG3kiKP1U8DP4+mPpTlWOMlzEGcId5kO0j0474IP1rsz8IFlj85fF9+2ScOLdfUgj73rke1PPwghKlW8U35XOeIApB9eGrjeDqFKSOHuUjuGPlIN4Gdoxk49+lJb3AR2dIx5pxkbSOCOjfiP8A9dd8vwh0dSDFr2rhxyC/lttbjnG3px0qt/wqGGMDyvFeoI38ZNurBvzP+fal9SqDczizmV3ZthHoedvcZyeRn8sCmmIxKsW3KFSGGOAf/wBVd0fg9E7b4/Fl4uCCp+yIcfhmrcvwksduI/EupqMksojQDJOatYGp1DnRwMSofkcbxt3Z3YHQ8/8A6+Kh8uXnyFyTjeVP9OfToa7xPg7pbGV5fFOtO0nXHlDvn+5Ug+Eulrdmd/EuvSgjlTJEB9D8nP8AP3q/qMxqaPPLq5uiCB5uOB97nA6fp/n1b9tZXT7TCVLZwVOfoTXoEnwntJXZn8T6p82ekcfOTnnio/8AhTdk+TJ4q1Zt2ckRxgj6cYH5U1g6gnPzOHgd50DRSwOrMQSMgL9fXkelOkeOP7qlG67iT1OM/h04rtLX4MaZGGWTxXrrBuoXy1BH12k561ZHwb0Pl28ReJSGBDL9pixjt1jp/UarGqiOBM+1wfNjYEbQx4ahirShluYg2ONqhST/ALQxyfoa9Bt/hD4fiGP7a1+QFt5D3MZBP/fvrSy/CTw25UtqeujHX/SkO4e42Yp/UankP2hwUhzhTcROAPm+b6dR+farEl1axQ+WlxHgnAIY9ewzmu3t/hR4QiCjzdVcK27DXQ5x24WrC/CzwkZGbdqZDPuKtcDGe3G2j6jU8h+0R5rMbeTA84MMZZN4IOB6dscc+9VDEpORIcf7lesr8KvCPnNI0d85JBx9pIA9vlA4p7fCvwWzFmsLwknJP2+b/wCKq/qM+rIc0bqoT90HH95jgUMqj70hP06V45N4+8UvIW+2KozjPkqcck8cE45A59KbH498TlsGeEjqd1spP0yP51Cx9Lz+4XKexnCtkDB9SP60xnZh8pz+gryBfHniUJl3tT/tPCOPSrDfETxAVyIrA7RzlDjnpjnnFUsdRfUOU9VCyPwDn/d/xp/k4HzuPoK8ruPiZ4jaVytpZCPGFiWNgqnjjJOTnB6+vrVFfiN4jQyJI8EhC7iBCNq/kaPr1LzFZnsKsIz8gwfbrSGZ244AP4mvJYviTrzRELpVuWJ4JJGee3PTg08fErXkmj8yysgvXAVvmBHQc5POKf12l3DlZ6wBgbj+BNOUluik15MnxO8QyBQuk6cA3dt2fyzyP8alHxN1sDadLtCQPvZK4b35564/DvR9do9xcrPVgsKj94dx/uKP5mjO48DA9BXlWlfE26S4lbVNLWUheEgkKhOTjJw2TyOnPFW1+J1z5gUaBGATuXNxgFMZ/u9eewxVLGUWtw5Wemoue304rO1jX9K0mNzcXMLSIPmiWQbl/wB70rzPXvipqS+F9QFvpZt7poyiXUbEeUWCgMB6jJIOeuPSvH9Y1/WdbgsrfUr2SeOzgEFurADYgAG3jr071rCtCavFjUe53/xA+LV3qDvZaMcION4+6Pp6muV+HcV3L8QNA1G8mcyHVLYiRz3Eqmsi1S0tGBWEzPjd833VyM/mM1vedc3TWDQqbUQAGNxwzEfxD0571PMk7lu9j6puVKnB4wcY9KrnjrXl+mfEWTTdPtNPi0jzba0tUgV5JMOzKAuSegHtz6Z71IvxWuPs9zI3htXCjMbLcYHfg8c4A9qn65R7mXKz09Qx5IOP50jk4Nec2XxWBiRNQ0SVZiw5hJKle/44yf8ACqk/xaaGeUTaGQiufLAmwwAHJIwc8g9PXv3bxdFK/MFmeoIjyEheAvVuPlyO2erYPTtnJ7A3BxgY6dK80tfixp7rKG0O5RkjJVUlVgrdcH6k9c59e+J4/itYBEY6PO2SQf3gUdeMZ701iaP8xLiz0ZiRwOppC5UeleaRfFu3N4Vn0No4BHu3i5G4Nk+oAxxT7j4r6eZB5ejXmMc5dfT9Oc/gM0vrdG3xCPRd7nJqGaVVheeZXeKFdzKoyzeigdyTwB3rgZ/iroqwo0FnfSh0znCrj9fSp/BHj2w8ZTtZiyli/s6YTTxhGnEr9YskKcbcFsYBDhCDwc1GtCbsmM7WCN44i820TysZJypzlj2zgZCgBQSM4UZpjDkncBR9oEuWEcwHUl4JE/8AQlHNI8kaglpI0wMnLAYq9xiFVGGJPvTk25yACKhFzAwO6eDgbj+8HA96Z9pgXBFzbrnkZkApASxea0s3mDC7x5Yx/DsU/wA91SMMVn2mpWJDRy6jbmRZZcAyru2+Y23jP93FWftEEjfJPEf+BigBcZOMU5MBwDjg00Ou/bvXn3pwiJOSpI9hQBBZQPFYWscjHekCBvrjmpyOcYz702Fp2gZpB8xmlA47CRgP0pw3ZHykdulDEOC47Uq7hnAFCqQcU8q69qBjRkrgg/Kep9Pyx+HPGKZImee9SYKguVHHXj+Hv/j+AoClWwRzTAZEjke1TRRbDwaVC2MjpTlYk4IFOwD1Jgka4CFkb/j4VRknjAcL3YAAHHJAHUqoq5IQEBUgqwyrBsgj61ShkdTjPFWB8jhJHHkzMFQnqjk8DPoT0zznjncAr3QDSST/AFpQxz0poKmQRB1Zs4wpqGLULCSBZlvYPLYgZZwDkgEAjseRx70r2Gyzvxx0pPMx0IrPk1rRlUF9VsQCcf69fX/6xqw13bISsk8KcZwX/h7GmpLuFi0RuGQRmoTuBwf1rPi8R6AULrrFjs3bd3nDrUsev6DJFI41WxYJ3Ew4quePcLFsZzTsn3qouq6UzFU1Kzbr0mXjp7+9WUlglBMdzBIAcZWQECrjJdwFzzUiOQODxVZLiA3k1ozhZYdu7dwPmzjB79D+VTPNbQnEtxChwThnAPFVdC1JlweR8pprZPXH5VBb6npU7KsGpWcrHPEc6t0znofY1aie3lXfFPFIvqrgimmmFiuR7U0kg9aS7vtPgP76+tovTdIKhg1DTLmEywajZyoDglZlOOv+Bpc0e5WpZD8cqRTtxqus9uSAt1FknAG8UPeWaOUe7iDKcEbxwaTkkFmfNYFxIS0u+JP9/LEfh0pss+zy4oYZNzruHGWRexPPFSyKNrEnkNgZwWbP6CnxiQEHZDAp5IHOQB7V8nyq9jfl10KqozAm4nBfOfoP8etBktYzsa45xzGsZ3YHYf5/+uoZ4JvMMtu0RACqkTSHd6nOOB+PapkYzKP3gVc/MrICWHuD0/8Ar96cYJjSuVmFpIu2WI7h8zbiee/b0z9ParEU1qcxZBVTgnhVU9TjjGfzpoYiXZ9nZix5wmce/sPqKm8nzNm9kVQpCqihQQcZGeh/D8Ku2lykkhkjhUKqoRjyJHGRj+vT2FIFkVmYzpJJyQU+UkfQ/T8qSSWUKAkJZzJsG1ctn2J6ilCmVHicyxfNv8wRgbh1IBP1x0/Kla4X8hyhssiJjbw+CSAeOCemeRwaWbyN+SsYIGdwYAdPbgfzqKTznVYYIi2zggnG4/XP+e9PKEEpciBHkI+VFGBjsR6dD9aOUnQWPc8ZMREuPuHKgE+v0wcetMkmZVJmlIcfxjLEkj+Ht6f4UFd+AXWNc5VQSWx9P8Pf8ZIWliDStGiuh7g7gOuSO3Tp+dVbQZT1q08/RZraK5luLiQhEHmE5YHOPT1OK4qfT7611GKxmi2zyY2qGBzkkDkcdj37V3ccwuEWSKJ3lwQC2Bgd8sMADvzVtrC3nuI7m7UG5h/iDH3IHUD/ACfx3o13T0ZKSZzmn6M+0vPDG06qCtuG69tzev8AIVbjmWS/t/KY/IygqxGQdw+mP5YrYAbeZWnJjYDCDOM88/zrDuwo1hG+9vkjBx8p9T/Pn3q6NSVSpqVKXu2OgjiVdxkcAOvyrgEDpnJH09u1MdVQQyQlHB6bQcD0Cj8ulEEBtRHsYeWcMpX5vXgZ+vapJJXlZEMA3KSCHxuUY647HrXFtoJ7EbQSpAZAZWG7AUsAO3T05NOmigW22RKyCRf+WYLP14x/npVa6vrlI/Kt7J3ncdFYFlUk8+nXnHPepIXlyXlMYkKYxkc+xPfA+vX3p3SV0RzJk/lSRxEcs5UhieFwTgfXA6knrSTxREgMvmSgA4OevA6flyfz9K4klmtJk0uICXcP3koIyeQevPAH45qS2UDZHJceYQmXIGACO5I5zz/Xil01JvfQDa25QiWGNyQCOPfjHcnGelLLFbrFGPmQLkYC/MvPXHtT5PJgmUtLIqH5IyXyGIJ5wfXI9O+KztYvblCum6XEtxqGoN5cCBCACxwCSPTPXPGR04qlBydoktpElhZzeJfEcHh/SoH89mDXFwsZdLVO7PjpgAgDP5YJr3fwr4e0vwnokWkaTHlE/wBZOyjzJ2PJdiB1549BVP4eeEdP8F6KbWFIm1G4Ae/uVyTLJ3AzztBJAH410LSZICg/lXsUKKpRt1M99Q8yTHUj8aUNKcLuYL6bjR052gfjShnPO0Z+ldIEgYhcl2GPem+Y558w4prhn6j9KYA2cN+gpAOkeTHEh+lMBlC/KwGTzwKeR9aZwp7mhgROA3zFELeu0VH5MMh/ewRPnrlBUuGJAzxSxrSAjt4LN3kRLG1Xy3VW/cr1KK3/ALNVjyo0z5Ucan2GKQPH50saj58LK347lH/oFShxnGCKskbgsRvRf1FNeIHIbziuc4Wdxj8jTmHzd8VJFzxQMiFnAqHEl2QexvJv/i6cljaCIRsbv5en+mzA/o1SOCD0oUZNAyJrC0zu3XZyMH/TZsH8N9OWztgFGbolehN5MT+Pzc1IeRikVsNQMWO1tlxzcHByM3Mh/Dk06WxtLhGimF0yMCrL9sl2sp6ggNyKGfkcVJG3y8daAPMvGvhTWdL1E6tpl1ezWyYZfLcmRCMtk9zz/FntyOmeRunNy22+u54Z4wF2Oxbtx7dOMdO1fQIkyu0jqMVwHj3wT9qil1HSkYSAl5oM8uAP4M9CPT0HGMc8GIw73gaxmnueeR2sMa+dHtYOd29UGM9eByDz/nGaryLFLLtd54yF+XawGTgk9vUgU1/3RxEbhidufMGQ4J/X6epx2NPt42nmjdBsYHOd5Xqfx4xmvPvJM0WrsVbhLc4XyypHJIH3jz/Lp+HNFqIUEeC7/u+MDcR9T27VoCyCI+5S56orttAyeo/DnOfpTZo4UkLwyIxDZb5s5YZ5BOTjngAfWndicWU7OxgIZX8yByCPm7YP06dOffrg1LHFdRJ/o1xLHhgSVPJGOuCPen3KlDF5LDO3gBun1HHFNCopneWVixGzLA4A68D0+vX+VqYttC5K+qeWifa7jCnh2fI29vp06kU29uLi7uG+03V5cbl6uxbIPfjnH8v5Ml3pF+6EbMRkAYI9fpU9tHuh3FXHOcHGw9iOw6d/X8qrmuikk2UEsllcgSS27A4ID/MRk5PueP1p9ot7p0hltridWUfOYpD83Pp/+urDeatu++HzJF3eU+0k5/HjPI/SmzW6wB2gVolGSVZhj34z65PHv71Nx8pXnxIyySw3LDncSGOSR6HvUZmthuKB2DDcWjYnBGev1xVraTGokd034L5UFW4HBxxx/n2mSO1A81nhLvwGaPOcL1I59vyoTuKzKnmKqxk+eGxwxk3FcH1H8hVn7Xe9rssP72W59+tVEwLb/ULGisQrxggMDz3oKHPywaiV7bZHx+HNUpAUy+PlXYI04wM8cfrTGkVV8uW6C9hxtyTzTmVftMi7Rt3oMY4xg1PFbwC1jIgiBWQhTsHFcjujS9iAvA7F4ijHncQQeOKaLgeVlNqkYyQp6nvx9aklA84nH/LLP/jxqx/zxbuU6/lRzO9hNlJ50t2WPIeWQgGIHHA5574/z2qV5ISVWQxlx0jjOP6cD6VYsYYjBM5iQsAuCVGRlGrIvOLK6I4I349vlpVG47Db0NFHmCsokXYMg5bJB/z2pAdq7m3FGALZHH4cZFQ2yqghCKFAjGMDHYVVupHDy4dv9Yvf/ZoUn1FuXNjCExACHLcMEAxz0449P/rU3ybfcNszSSZwWK5yfr+dR2xLxIXJYlFznn+EVa1ECKPEYCAHgLxjkUtUhEMl5GZ47VMpMVBJfBwnqf8AD35p5j8wM8shkXjCBeGA68DpUaEkAk53Bg3vjOM/Smj/AI85v+2v6dKq9tRIsPIY9xQRIpXJ+XAAPX+v8qhWa43lg+5CcZxyo6ggfn+dRhVaWIMAR5THkf7YqdyQ6EE5KDPvzWLnfUh+8I5lA80SzhiuCrADPpxn36AfzrFuzJHrSJI+6QTRcr82SQP8eldBAA144YAgN0P/AAKuZ1lm/tvduOQ8ZBz7LXXhH7z9P8hSR0SvhRtli2nBCt8vHAJ/L6/1pXkvGLDzoQjL8ihcYPIPv7ZppJ8oc9v5DioQT9qhGTgynP5n/CuXm6EOVhs3mwpIkZc5OGO776khePbqe2fpT1Yna5eZXGdpHJIxzn36n6U5iTd7SThWRQOwGOlNQAOoAwDgn676e7ElqWXnaJvsxRs43cAcD1OOOp70xLwQMu7C+aASSM7RgDOf0rL8yR2ZHdmUKmATkdBWzpyqbFyVB+Rj07hsD9OKta3LcrlLUrm3srfeIZ5p5JFEYTJZ25H3R1Occ+5r1j4QeAH0OwbxL4igZfEF8u1Ecgm1TGQB6MQOf6dK87+HSrN+0RoUcyiRBHvCuMgMISc49cknPvX0VqJJlQknPmZ/8hvXs4OioQUurMZL3rFHYT36dKAcEH2p0n+rpg6/jXWlYB27nIBJ7VKu8p8q80w8LxT0J8s8npTE2KMj7w5qCUsc4HHarFyT5r89CaqzE4HJ6ihgOTpTnC5A9qYPumhf9UfpSAZsO/PYGlRCD1pyfdNOTqPrRYTI1iSOeSUsC8kaoV9lZjn/AMfqTKkcVWuD/wATiIdvs8v84qnSmBKVyOtCAL1qNz0+tPU/NQA8nioxnOc0vYU5ehoKQu2k2d6f2pBQMAexpynGKYPvUr0gLIIP1pwJIK561BH1/CpU7UwOQ8WeCbHWp7i8i823vOCu2T5GBXuD0Odw4/uj1NeXSxy6ff8A2K8tri0ljBxFIACBzhiT27/h719BJ/Ee5Xr+LVw3xbt4P7PtrnyI/O3mPzNo3bcE7c9cZ5xXHiaMbcyNISex5ok1ubtkmh3mIkjBKcE9OKbcz24URRKjkNnGAX/HPOce2O9QszG8nYklvNIznnoarWCrlflHLkdPb/65/OvO8i0ywBGWSRYxGIzjaDjI57k5Jz/9akWaKTe/lSll+VwR6cdPXkD6ccVekjj+yRfIvzKxbjrw3+A/IVjLJIXfMjH537/WsnoDVjTE0BtjAI2UqgYHOCOemM+3p+dNSUbVELLKj5DbjgnnPpjp7dvrUVwSWiyes6qfcZPFQqifa2XYuAwAGO2BVJ2ZSNGGNI4i8ZZtwDFD/C3tn8P8abbxo6wiaYqcDdtBz0x759MUJ/x8g9w8oHsNoqRPlskZeG39R17VbdgWw5/9HhWFA7EMdnmAtz278D9eaGWJ41tWMbEuHZ8AsHx2Pp14HXitHR0STUZWkVXOOrDP8YFYYZvtL8n5c456cChuxp0J389Zkj8y0IOAUycKOOe/PHerX2q5HCyW6gdB5SnFU2RGtrvcqnbH8uR0+lI0ceT+7X8qrmsKx//Z",https://www.google.com/maps/embed?pb=!1m14!1m8!1m3!1d769.7303427206613!2d-84.74451161044877!3d39.49369005220486!3m2!1i1024!2i768!4f13.1!3m3!1m2!1s0x88403d1da08722c3%3A0xdefd8b10478a7bcf!2s23%20Gardenia%20Dr%2C%20Oxford%2C%20OH%2045056!5e0!3m2!1sen!2sus!4v1712932782447!5m2!1sen!2sus
36,6120 Stephenson Road,Closed,419900,2106,1979,4,3,199,39.46389,-84.70142,https://www.xome.com/homes-for-sale/Stephenson-Road-Reily-Twp-OH-45056-387538289,https://xomesearch.propertiescdn.com/ListingImages/ohcincy/images/0/0/1780694.jpg?cd=63844563120,https://www.google.com/maps/embed?pb=!1m18!1m12!1m3!1d3080.1519649465986!2d-84.75614019999999!3d39.465895499999995!2m3!1f0!2f0!3f0!3m2!1i1024!2i768!4f13.1!3m3!1m2!1s0x88403cbc3c5da0d5%3A0xd0c1c505e2180568!2s6120%20Stephenson%20Rd%2C%20Oxford%2C%20OH%2045056!5e0!3m2!1sen!2sus!4v1713382875865!5m2!1sen!2sus
37,152 Stone Creek Drive,Closed,850000,4848,1992,5,4,200,39.51254,-84.76867,https://www.xome.com/homes-for-sale/Stone-Creek-Drive-Oxford-OH-45056-387535020,https://xomesearch.propertiescdn.com/ListingImages/ohcincy/images/0/0/1781016.jpg?cd=63843425760,https://www.google.com/maps/embed?pb=!1m18!1m12!1m3!1d3078.1638147589165!2d-84.7705184!3d39.5107923!2m3!1f0!2f0!3f0!3m2!1i1024!2i768!4f13.1!3m3!1m2!1s0x88403d3456f6637b%3A0xd8a1a3420b0f7153!2s152%20Stone%20Creek%20Dr%2C%20Oxford%2C%20OH%2045056!5e0!3m2!1sen!2sus!4v1713382991409!5m2!1sen!2sus
38,120 Stone Creek Drive,Closed,675000,3345,1993,3,3,205,39.51254,-84.76867,https://www.xome.com/homes-for-sale/Stone-Creek-Drive-Oxford-OH-45056-387533225,https://xomesearch.propertiescdn.com/ListingImages/ohcincy/images/0/0/1781310.jpg?cd=63842542560,https://www.google.com/maps/embed?pb=!1m18!1m12!1m3!1d3078.140240614765!2d-84.76845879999999!3d39.5113244!2m3!1f0!2f0!3f0!3m2!1i1024!2i768!4f13.1!3m3!1m2!1s0x88403d35d47ecff9%3A0xd3989f3ee7c2d9e1!2s120%20Stone%20Creek%20Dr%2C%20Oxford%2C%20OH%2045056!5e0!3m2!1sen!2sus!4v1713383038730!5m2!1sen!2sus
39,843 Dufour Lane,Closed,420000,2500,2006,3,4,209,39.52042,-84.75484,https://www.xome.com/homes-for-sale/843-Dufour-Lane-Oxford-OH-45056-385192183,https://xomesearch.propertiescdn.com/ListingImages/ohcincy/images/0/0/1781457.jpg?cd=63832428540,https://www.google.com/maps/embed?pb=!1m18!1m12!1m3!1d3077.737059954065!2d-84.7548348!3d39.520423799999996!2m3!1f0!2f0!3f0!3m2!1i1024!2i768!4f13.1!3m3!1m2!1s0x88403d4253c6b0dd%3A0xee6b8f4fbf665b9c!2s843%20Dufour%20Ln%2C%20Oxford%2C%20OH%2045056!5e0!3m2!1sen!2sus!4v1713289839819!5m2!1sen!2sus
40,111 Marti Court,Closed,242500,1288,1981,3,2,219,39.51162,-84.75301,https://www.xome.com/homes-for-sale/111-Marti-Court-Oxford-OH-45056-387512149,https://xomesearch.propertiescdn.com/ListingImages/ohcincy/images/0/0/1780132.jpg?cd=63842507700,https://www.google.com/maps/embed?pb=!1m18!1m12!1m3!1d6156.252853025107!2d-84.7529989!3d39.5116362!2m3!1f0!2f0!3f0!3m2!1i1024!2i768!4f13.1!3m3!1m2!1s0x88403d3fdd173f5f%3A0x887cb1aa46e2efde!2s111%20Marti%20Ct%2C%20Oxford%2C%20OH%2045056!5e0!3m2!1sen!2sus!4v1713380242368!5m2!1sen!2sus
41,4333 Main Street,Closed,224000,1824,1880,4,2,220,39.49673,-84.66219,https://www.xome.com/homes-for-sale/4333-Main-Street-Oxford-OH-45056-387531849,https://xomesearch.propertiescdn.com/ListingImages/ohcincy/images/0/0/1780257.jpg?cd=63839977440,https://www.google.com/maps/embed?pb=!1m18!1m12!1m3!1d3078.7873897965374!2d-84.66222309999999!3d39.4967152!2m3!1f0!2f0!3f0!3m2!1i1024!2i768!4f13.1!3m3!1m2!1s0x88403e5b0e63c69f%3A0x39cc8caabf83ce8e!2s4333%20Main%20St%2C%20Oxford%2C%20OH%2045056!5e0!3m2!1sen!2sus!4v1713383070448!5m2!1sen!2sus
42,2275 Oxford Trenton Road,Closed,375000,1740,1978,3,2,220,39.50866,-84.63396,https://www.xome.com/homes-for-sale/2275-Oxford-Trenton-Road-Oxford-OH-45056-383125130,https://xomesearch.propertiescdn.com/ListingImages/ohcincy/images/0/0/1780097.jpg?cd=63840119580,https://www.google.com/maps/embed?pb=!1m18!1m12!1m3!1d3078.247378774668!2d-84.63738699999999!3d39.50890609999999!2m3!1f0!2f0!3f0!3m2!1i1024!2i768!4f13.1!3m3!1m2!1s0x88403fc7e04ad2c7%3A0xe9bec1d65eb38929!2s2275%20Trenton%20Oxford%20Rd%2C%20Oxford%2C%20OH%2045056!5e0!3m2!1sen!2sus!4v1713383102249!5m2!1sen!2sus
43,2727 Oxford Trenton Road,Closed,425000,2628,1999,5,5,226,39.5075,-84.65149,https://www.xome.com/homes-for-sale/2727-Oxford-Trenton-Road-Milford-Twp-OH-45056-382896419,https://xomesearch.propertiescdn.com/ListingImages/ohcincy/images/0/0/1779504.jpg?cd=63842383980,https://www.google.com/maps/embed?pb=!1m18!1m12!1m3!1d3078.309604375833!2d-84.65152940000002!3d39.5075015!2m3!1f0!2f0!3f0!3m2!1i1024!2i768!4f13.1!3m3!1m2!1s0x88403e4a6ea882b3%3A0xc550939bd536915c!2s2727%20Trenton%20Oxford%20Rd%2C%20Oxford%2C%20OH%2045056!5e0!3m2!1sen!2sus!4v1713383134122!5m2!1sen!2sus
44,134 Pin Oak Drive,Closed,315000,2384,1964,4,3,229,39.51347,-84.7584,https://www.xome.com/homes-for-sale/134-Pin-Oak-Drive-Oxford-OH-45056-387523419,https://xomesearch.propertiescdn.com/ListingImages/ohcincy/images/0/0/1778992.jpg?cd=63842525100,https://www.google.com/maps/embed?pb=!1m18!1m12!1m3!1d3078.0460388570723!2d-84.75838379999999!3d39.5134506!2m3!1f0!2f0!3f0!3m2!1i1024!2i768!4f13.1!3m3!1m2!1s0x88403d4759cf9911%3A0x764166b56ce626b4!2s134%20Pin%20Oak%20Dr%2C%20Oxford%2C%20OH%2045056!5e0!3m2!1sen!2sus!4v1713383150804!5m2!1sen!2sus
45,1858 Reily Woods Lane,Closed,409000,2002,2003,4,3,234,39.43693,-84.72575,https://www.xome.com/homes-for-sale/1858-Reily-Woods-Lane-Reily-Twp-OH-45056-387511974,https://xomesearch.propertiescdn.com/ListingImages/ohcincy/images/0/0/1778811.jpg?cd=63842542560,https://www.google.com/maps/embed?pb=!1m18!1m12!1m3!1d3081.434621865402!2d-84.7257198!3d39.4369076!2m3!1f0!2f0!3f0!3m2!1i1024!2i768!4f13.1!3m3!1m2!1s0x88403b9b82a186ab%3A0x8226cf7c3f43258d!2s1858%20Reily%20Woods%20Ln%2C%20Oxford%2C%20OH%2045056!5e0!3m2!1sen!2sus!4v1713383168048!5m2!1sen!2sus
46,435 Emerald Woods Drive,Closed,440000,2595,1973,3,2,237,39.50373,-84.7579,https://www.xome.com/homes-for-sale/435-Emerald-Woods-Drive-Oxford-OH-45056-387521617,https://xomesearch.propertiescdn.com/ListingImages/ohcincy/images/0/0/1778374.jpg?cd=63840649800,https://www.google.com/maps/embed?pb=!1m18!1m12!1m3!1d6157.006865682248!2d-84.758763!3d39.50312600000001!2m3!1f0!2f0!3f0!3m2!1i1024!2i768!4f13.1!3m3!1m2!1s0x88403d3b4b083105%3A0x9d47a5359657236c!2s435%20Emerald%20Woods%20Dr%2C%20Oxford%2C%20OH%2045056!5e0!3m2!1sen!2sus!4v1713383186573!5m2!1sen!2sus
47,4620 Stephenson Road,Closed,353000,1760,1958,4,2,240,39.46412,-84.70827,https://www.xome.com/homes-for-sale/4620-Stephenson-Road-Reily-Twp-OH-45056-387521494,https://xomesearch.propertiescdn.com/ListingImages/ohcincy/images/0/0/1778000.jpg?cd=63839979720,"https://www.google.com/maps/embed?pb=!1m18!1m12!1m3!1d3080.2307402777706!2d-84.70832949999999!3d39.4641157!2m3!1f0!2f0!3f0!3m2!1i1024!2i768!4f13.1!3m3!1m2!1s0x88403c13790dc9f7%3A0x6f509a470886e6ec!2s4620%20Stephenson%20Rd%2C%20Oxford%2C%20OH%2045056!5e0!3m2!1sen!2sus!4v1713383204455!5m2!1sen!2sus"" width=""600"" height=""450"" style=""border:0;"" allowfullscreen="""" loading=""lazy"" referrerpolicy=""no-referrer-when-downgrade""></iframe>"
48,923 Tollgate Drive,Closed,225000,1326,1975,3,2,245,39.50603,-84.75726,https://www.xome.com/homes-for-sale/923-Tollgate-Drive-Oxford-OH-45056-387511706,https://xomesearch.propertiescdn.com/ListingImages/ohcincy/images/0/0/1777470.jpg?cd=63842557440,https://www.google.com/maps/embed?pb=!1m18!1m12!1m3!1d6156.750008771787!2d-84.7572824!3d39.5060252!2m3!1f0!2f0!3f0!3m2!1i1024!2i768!4f13.1!3m3!1m2!1s0x88403d3c7a3ff555%3A0xa1d6fb9828087e18!2s923%20Tollgate%20Dr%2C%20Oxford%2C%20OH%2045056!5e0!3m2!1sen!2sus!4v1713383226608!5m2!1sen!2sus
49,3269 Shollenbarger Road,Closed,245000,1066,1979,3,2,253,39.49437,-84.66724,https://www.xome.com/homes-for-sale/3269-Shollenbarger-Road-Milford-Twp-OH-45056-387520699,https://xomesearch.propertiescdn.com/ListingImages/ohcincy/images/0/0/1776820.jpg?cd=63842492880,https://www.google.com/maps/embed?pb=!1m18!1m12!1m3!1d3078.8918773880637!2d-84.66722089999999!3d39.494355999999996!2m3!1f0!2f0!3f0!3m2!1i1024!2i768!4f13.1!3m3!1m2!1s0x88403e5dc35e14bb%3A0x3d618a756a83c942!2s3269%20Shollenbarger%20Rd%2C%20Oxford%2C%20OH%2045056!5e0!3m2!1sen!2sus!4v1713383247431!5m2!1sen!2sus
50,7040 Contreras Road,Active,739900,2971,2007,4,4,254,39.51057,-84.75027,https://www.xome.com/homes-for-sale/Contreras-Road-Oxford-Twp-OH-45056-387538550,https://xomesearch.propertiescdn.com/ListingImages/ohcincy/images/0/0/1776867.jpg?cd=63844563120,https://www.google.com/maps/embed?pb=!1m18!1m12!1m3!1d3077.78544892269!2d-84.78479109999999!3d39.5193318!2m3!1f0!2f0!3f0!3m2!1i1024!2i768!4f13.1!3m3!1m2!1s0x884022b9f69f7e13%3A0x28b20ce963487687!2s7040%20Contreras%20Rd%2C%20Oxford%2C%20OH%2045056!5e0!3m2!1sen!2sus!4v1713383267770!5m2!1sen!2sus
51,309 Erickson Drive,Closed,305000,2128,1970,3,3,254,39.50746,-84.7607,https://www.xome.com/homes-for-sale/309-Erickson-Drive-Oxford-OH-45056-387525972,https://xomesearch.propertiescdn.com/ListingImages/ohcincy/images/0/0/1776959.jpg?cd=63842525040,https://www.google.com/maps/embed?pb=!1m18!1m12!1m3!1d6156.618650563588!2d-84.7606682!3d39.507507800000006!2m3!1f0!2f0!3f0!3m2!1i1024!2i768!4f13.1!3m3!1m2!1s0x88403d3a3193c08b%3A0x4b9601615ea738b1!2s309%20Erickson%20Dr%2C%20Oxford%2C%20OH%2045056!5e0!3m2!1sen!2sus!4v1713383283292!5m2!1sen!2sus
52,7178 Ringwood Road,Closed,475000,1966,2006,3,3,254,39.53165,-84.78857,https://www.xome.com/homes-for-sale/7178-Ringwood-Road-Oxford-Twp-OH-45056-387520698,https://xomesearch.propertiescdn.com/ListingImages/ohcincy/images/0/0/1776789.jpg?cd=63842533980,https://www.google.com/maps/embed?pb=!1m18!1m12!1m3!1d3077.239541470629!2d-84.78856259999999!3d39.53164989999999!2m3!1f0!2f0!3f0!3m2!1i1024!2i768!4f13.1!3m3!1m2!1s0x884022a6c917ffdd%3A0x9f784f14655b1096!2s7178%20Ringwood%20Rd%2C%20Oxford%2C%20OH%2045056!5e0!3m2!1sen!2sus!4v1713383302990!5m2!1sen!2sus
53,2660 Indian Creek Road,Closed,330000,2036,1997,4,3,257,39.45676,-84.77836,https://www.xome.com/homes-for-sale/2660-Indian-Creek-Road-Reily-Twp-OH-45056-387520764,https://xomesearch.propertiescdn.com/ListingImages/ohcincy/images/0/0/1776504.jpg?cd=63840316920,https://www.google.com/maps/embed?pb=!1m18!1m12!1m3!1d3080.5558352192957!2d-84.7783688!3d39.456770000000006!2m3!1f0!2f0!3f0!3m2!1i1024!2i768!4f13.1!3m3!1m2!1s0x88402354032daef7%3A0x11eeee127832d3e3!2s2660%20Indian%20Creek%20Rd%2C%20Oxford%2C%20OH%2045056!5e0!3m2!1sen!2sus!4v1713383320565!5m2!1sen!2sus
54,949 Silvoor Lane,Closed,500000,5432,1951,5,4,261,39.49835,-84.73383,https://www.xome.com/homes-for-sale/949-Silvoor-Lane-Oxford-OH-45056-387520668,https://xomesearch.propertiescdn.com/ListingImages/ohcincy/images/0/0/1776285.jpg?cd=63842542560,https://www.google.com/maps/embed?pb=!1m18!1m12!1m3!1d3078.71583280385!2d-84.73371920000001!3d39.4983308!2m3!1f0!2f0!3f0!3m2!1i1024!2i768!4f13.1!3m3!1m2!1s0x88403d071bf45cd3%3A0x74e32f0c66dac922!2s949%20Silvoor%20Ln%2C%20Oxford%2C%20OH%2045056!5e0!3m2!1sen!2sus!4v1713383338247!5m2!1sen!2sus
55,7 W Chestnut Street,Closed,302500,1664,2006,4,2,261,39.50032,-84.7431,https://www.xome.com/homes-for-sale/7-W-Chestnut-Street-Oxford-OH-45056-387520666,https://xomesearch.propertiescdn.com/ListingImages/ohcincy/images/0/0/1776261.jpg?cd=63842557440,https://www.google.com/maps/embed?pb=!1m18!1m12!1m3!1d6157.256522365047!2d-84.7431253!3d39.500307899999996!2m3!1f0!2f0!3f0!3m2!1i1024!2i768!4f13.1!3m3!1m2!1s0x88403d1adcd53499%3A0xcb98e75f323f7a45!2s7%20W%20Chestnut%20St%2C%20Oxford%2C%20OH%2045056!5e0!3m2!1sen!2sus!4v1713383359816!5m2!1sen!2sus
56,3525 Ward Way,Closed,518000,3494,2005,4,4,261,39.47719,-84.70252,https://www.xome.com/homes-for-sale/3525-Ward-Way-Hanover-Twp-OH-45056-381906425,https://xomesearch.propertiescdn.com/ListingImages/ohcincy/images/0/0/1776278.jpg?cd=63842542560,https://www.google.com/maps/embed?pb=!1m18!1m12!1m3!1d12318.612758015915!2d-84.7011684206535!3d39.47716295870128!2m3!1f0!2f0!3f0!3m2!1i1024!2i768!4f13.1!3m3!1m2!1s0x88403c3b01fae0ef%3A0xf8e772810d0d3670!2s3525%20Ward%20Way%2C%20Oxford%2C%20OH%2045056!5e0!3m2!1sen!2sus!4v1713383382168!5m2!1sen!2sus
57,109 Lantern Ridge Road,Closed,450000,1705,2003,4,3,263,39.50212,-84.76966,https://www.xome.com/homes-for-sale/109-Lantern-Ridge-Road-Oxford-OH-45056-381942905,https://xomesearch.propertiescdn.com/ListingImages/ohcincy/images/0/0/1775977.jpg?cd=63842533980,https://www.google.com/maps/embed?pb=!1m18!1m12!1m3!1d3078.5475605839233!2d-84.7697027!3d39.5021298!2m3!1f0!2f0!3f0!3m2!1i1024!2i768!4f13.1!3m3!1m2!1s0x88403d2dbe3d02d1%3A0xd2ddf0f82370cfab!2s109%20Lantern%20Ridge%20Rd%2C%20Oxford%2C%20OH%2045056!5e0!3m2!1sen!2sus!4v1713383397222!5m2!1sen!2sus
58,549 Melissa Drive,Closed,225000,1398,1981,2,2,265,39.49787,-84.75167,https://www.xome.com/homes-for-sale/549-Melissa-Drive-Oxford-OH-45056-387525908,https://xomesearch.propertiescdn.com/ListingImages/ohcincy/images/0/0/1775756.jpg?cd=63830263320,https://www.google.com/maps/embed?pb=!1m18!1m12!1m3!1d3078.7344176604483!2d-84.7516526!3d39.497911200000004!2m3!1f0!2f0!3f0!3m2!1i1024!2i768!4f13.1!3m3!1m2!1s0x88403d18b199394d%3A0xc8553e425dad846e!2s549%20Melissa%20Dr%2C%20Oxford%2C%20OH%2045056!5e0!3m2!1sen!2sus!4v1713383412013!5m2!1sen!2sus
59,3504 Ward Way,Closed,460000,3762,2008,4,4,267,39.47662,-84.70053,https://www.xome.com/homes-for-sale/3504-Ward-Way-Hanover-Twp-OH-45056-383162487,https://xomesearch.propertiescdn.com/ListingImages/ohcincy/images/0/0/1775741.jpg?cd=63842492820,https://www.google.com/maps/embed?pb=!1m18!1m12!1m3!1d3079.6760452787453!2d-84.70055119999999!3d39.47664669999999!2m3!1f0!2f0!3f0!3m2!1i1024!2i768!4f13.1!3m3!1m2!1s0x88403c3b2e7d9c89%3A0xee9275bc2b54fa91!2s3504%20Ward%20Way%2C%20Oxford%2C%20OH%2045056!5e0!3m2!1sen!2sus!4v1713383427279!5m2!1sen!2sus
60,150 Prevalent Drive,Closed,375000,3084,1995,4,4,275,39.516,-84.76917,https://www.xome.com/homes-for-sale/150-Prevalent-Drive-Oxford-OH-45056-387526505,https://xomesearch.propertiescdn.com/ListingImages/ohcincy/images/0/0/1775046.jpg?cd=63840512940,https://www.google.com/maps/embed?pb=!1m18!1m12!1m3!1d3077.933422718501!2d-84.7691929!3d39.5159923!2m3!1f0!2f0!3f0!3m2!1i1024!2i768!4f13.1!3m3!1m2!1s0x88403d4a369f0d71%3A0x36fea552c64f4546!2s150%20Prevalent%20Dr%2C%20Oxford%2C%20OH%2045056!5e0!3m2!1sen!2sus!4v1713383448364!5m2!1sen!2sus
61,3919 Indian Ridge Woods Drive,Pending,730000,6635,2001,5,6,275,39.46375,-84.68518,https://www.xome.com/homes-for-sale/Indian-Ridge-Woods-Drive-Hanover-Twp-OH-45056-383175492,https://xomesearch.propertiescdn.com/ListingImages/ohcincy/images/0/0/1774862.jpg?cd=63845396580,https://www.google.com/maps/embed?pb=!1m18!1m12!1m3!1d3080.2439916624016!2d-84.68758489999999!3d39.4638163!2m3!1f0!2f0!3f0!3m2!1i1024!2i768!4f13.1!3m3!1m2!1s0x88403ea0d3ab942f%3A0x6d6c7c3c928718f1!2s3919%20Indian%20Ridge%20Woods%20Dr%2C%20Oxford%2C%20OH%2045056!5e0!3m2!1sen!2sus!4v1713383467971!5m2!1sen!2sus
62,5407 Hester Road,Closed,150000,1254,2003,2,2,277,39.52036,-84.75742,https://www.xome.com/homes-for-sale/5407-Hester-Road-Oxford-OH-45056-387526224,https://xomesearch.propertiescdn.com/ListingImages/ohcincy/images/0/0/1774567.jpg?cd=63840313980,https://www.google.com/maps/embed?pb=!1m18!1m12!1m3!1d3077.7390451645133!2d-84.75742!3d39.520379000000005!2m3!1f0!2f0!3f0!3m2!1i1024!2i768!4f13.1!3m3!1m2!1s0x88403d4386167551%3A0x440af7eac6301eed!2s5407%20Hester%20Rd%2C%20Oxford%2C%20OH%2045056!5e0!3m2!1sen!2sus!4v1713383486509!5m2!1sen!2sus
63,602 Melissa Drive,Closed,250000,1480,1967,3,3,277,39.49841,-84.75295,https://www.xome.com/homes-for-sale/602-Melissa-Drive-Oxford-OH-45056-387521429,https://xomesearch.propertiescdn.com/ListingImages/ohcincy/images/0/0/1773558.jpg?cd=63840085140,https://www.google.com/maps/embed?pb=!1m18!1m12!1m3!1d3078.7131885675085!2d-84.7528969!3d39.4983905!2m3!1f0!2f0!3f0!3m2!1i1024!2i768!4f13.1!3m3!1m2!1s0x88403d220e5f4d99%3A0x8de2dff904d62d26!2s602%20Melissa%20Dr%2C%20Oxford%2C%20OH%2045056!5e0!3m2!1sen!2sus!4v1713383503796!5m2!1sen!2sus
64,5470 Brown Road,Closed,625000,3216,1999,6,4,277,39.5234,-84.74293,https://www.xome.com/homes-for-sale/5470-Brown-Road-Oxford-Twp-OH-45056-381399670,https://xomesearch.propertiescdn.com/ListingImages/ohcincy/addl_picts/0/0/1774427-1.jpg?cd=63842192880,https://www.google.com/maps/embed?pb=!1m18!1m12!1m3!1d3077.6037319270868!2d-84.74292129999999!3d39.5234325!2m3!1f0!2f0!3f0!3m2!1i1024!2i768!4f13.1!3m3!1m2!1s0x88403d655b6e20c5%3A0x6e104e7f9df14883!2s5470%20Brown%20Rd%2C%20Oxford%2C%20OH%2045056!5e0!3m2!1sen!2sus!4v1713383523244!5m2!1sen!2sus
65,1653 Oxford Trenton Road,Closed,449900,1845,1989,3,2,278,39.50989,-84.61662,https://www.xome.com/homes-for-sale/1653-Oxford-Trenton-Road-Milford-Twp-OH-45056-381517993,https://xomesearch.propertiescdn.com/ListingImages/ohcincy/addl_picts/0/0/1773629-1.jpg?cd=63839958180,https://www.google.com/maps/embed?pb=!1m18!1m12!1m3!1d6156.449640195119!2d-84.61655549999999!3d39.50941530000001!2m3!1f0!2f0!3f0!3m2!1i1024!2i768!4f13.1!3m3!1m2!1s0x88403fed800f8d69%3A0xb678454b9c2a2ff5!2s1653%20Trenton%20Oxford%20Rd%2C%20Oxford%2C%20OH%2045056!5e0!3m2!1sen!2sus!4v1713383542385!5m2!1sen!2sus
66,117 W Church Street,Closed,700000,2006,1914,4,3,279,39.51134,-84.74498,https://www.xome.com/homes-for-sale/117-W-Church-Street-Oxford-OH-45056-387512195,https://xomesearch.propertiescdn.com/ListingImages/ohcincy/images/0/0/1774230.jpg?cd=63842492820,https://www.google.com/maps/embed?pb=!1m18!1m12!1m3!1d6156.277760949373!2d-84.74497559999999!3d39.511355099999996!2m3!1f0!2f0!3f0!3m2!1i1024!2i768!4f13.1!3m3!1m2!1s0x88403d1318ae9199%3A0x69a9621118ffa44b!2s117%20W%20Church%20St%2C%20Oxford%2C%20OH%2045056!5e0!3m2!1sen!2sus!4v1713383558472!5m2!1sen!2sus
67,260 Northridge Drive,Closed,499999,2313,1997,4,4,279,39.52183,-84.75205,https://www.xome.com/homes-for-sale/260-Northridge-Drive-Oxford-OH-45056-381557988,https://xomesearch.propertiescdn.com/ListingImages/ohcincy/images/0/0/1774232.jpg?cd=63834980940,https://www.google.com/maps/embed?pb=!1m18!1m12!1m3!1d6155.349643532128!2d-84.7520198!3d39.521828299999996!2m3!1f0!2f0!3f0!3m2!1i1024!2i768!4f13.1!3m3!1m2!1s0x88403d6823b3c021%3A0x7659d76622de19ee!2s260%20N%20Rdg%20Dr%2C%20Oxford%2C%20OH%2045056!5e0!3m2!1sen!2sus!4v1713383578614!5m2!1sen!2sus
68,590 Honor Lane,Closed,399900,2896,2005,4,4,282,39.52214,-84.7526,https://www.xome.com/homes-for-sale/590-Honor-Lane-Oxford-OH-45056-387525097,https://xomesearch.propertiescdn.com/ListingImages/ohcincy/images/0/0/1773968.jpg?cd=63842533980,https://www.google.com/maps/embed?pb=!1m18!1m12!1m3!1d6155.322363701213!2d-84.752591!3d39.5221361!2m3!1f0!2f0!3f0!3m2!1i1024!2i768!4f13.1!3m3!1m2!1s0x88403d42a04941ed%3A0xb8dbe39674baf908!2s590%20Honor%20Ln%2C%20Oxford%2C%20OH%2045056!5e0!3m2!1sen!2sus!4v1713383597020!5m2!1sen!2sus
69,4786 Booth Road,Closed,335000,1915,1990,3,2,283,39.47888,-84.71509,https://www.xome.com/homes-for-sale/4786-Booth-Road-Oxford-Twp-OH-45056-387524847,https://xomesearch.propertiescdn.com/ListingImages/ohcincy/images/0/0/1773904.jpg?cd=63840649800,https://www.google.com/maps/embed?pb=!1m18!1m12!1m3!1d3079.5780210108956!2d-84.71510669999999!3d39.47886080000001!2m3!1f0!2f0!3f0!3m2!1i1024!2i768!4f13.1!3m3!1m2!1s0x88403c466db1c9ad%3A0x63c6ccc1e57e3f93!2s4786%20Booth%20Rd%2C%20Oxford%2C%20OH%2045056!5e0!3m2!1sen!2sus!4v1713383615598!5m2!1sen!2sus
70,200 W Sycamore Street,Closed,298000,1882,1983,4,3,283,39.51511,-84.74152,https://www.xome.com/homes-for-sale/Sycamore-Street-Oxford-OH-45056-381663741,https://xomesearch.propertiescdn.com/ListingImages/ohcincy/images/0/0/1774222.jpg?cd=63844563120,https://www.google.com/maps/embed?pb=!1m18!1m12!1m3!1d3077.9589265930067!2d-84.74612429999999!3d39.515416699999996!2m3!1f0!2f0!3f0!3m2!1i1024!2i768!4f13.1!3m3!1m2!1s0x88403d6c61a565a7%3A0x9278ffa3788343ae!2s200%20W%20Sycamore%20St%2C%20Oxford%2C%20OH%2045056!5e0!3m2!1sen!2sus!4v1713383631623!5m2!1sen!2sus
71,111 Gardenia Drive,Closed,347900,2292,2007,4,3,283,39.49344,-84.74307,https://www.xome.com/homes-for-sale/111-Gardenia-Drive-Oxford-OH-45056-381496256,https://xomesearch.propertiescdn.com/ListingImages/ohcincy/images/0/0/1773707.jpg?cd=63840642840,https://www.google.com/maps/embed?pb=!1m18!1m12!1m3!1d3078.932887961233!2d-84.74302329999999!3d39.49343!2m3!1f0!2f0!3f0!3m2!1i1024!2i768!4f13.1!3m3!1m2!1s0x88403d1d3ec4f983%3A0xc86abf32bb465c81!2s111%20Gardenia%20Dr%2C%20Oxford%2C%20OH%2045056!5e0!3m2!1sen!2sus!4v1713383652345!5m2!1sen!2sus
72,6340 Brown Road,Closed,793000,3952,1972,5,3,284,39.54573,-84.74644,https://www.xome.com/homes-for-sale/6340-Brown-Road-Oxford-Twp-OH-45056-387525664,https://xomesearch.propertiescdn.com/ListingImages/ohcincy/images/0/0/1773891.jpg?cd=63842533980,https://www.google.com/maps/embed?pb=!1m18!1m12!1m3!1d3076.6281589704276!2d-84.7498142!3d39.5454416!2m3!1f0!2f0!3f0!3m2!1i1024!2i768!4f13.1!3m3!1m2!1s0x884017c32005e45f%3A0x15e2ff2657ced5ec!2s6340%20Brown%20Rd%2C%20Oxford%2C%20OH%2045056!5e0!3m2!1sen!2sus!4v1713383671566!5m2!1sen!2sus
73,6043 Vereker Drive,Closed,259000,1406,1987,3,2,284,39.50865,-84.75497,https://www.xome.com/homes-for-sale/6043-Vereker-Drive-Oxford-OH-45056-382040191,https://xomesearch.propertiescdn.com/ListingImages/ohcincy/images/0/0/1773791.jpg?cd=63842542500,https://www.google.com/maps/embed?pb=!1m18!1m12!1m3!1d6156.517989430133!2d-84.7550183!3d39.508643899999996!2m3!1f0!2f0!3f0!3m2!1i1024!2i768!4f13.1!3m3!1m2!1s0x88403d3e62c43611%3A0x6b63bb06f18f21c6!2s6043%20Vereker%20Dr%2C%20Oxford%2C%20OH%2045056!5e0!3m2!1sen!2sus!4v1713383689194!5m2!1sen!2sus
74,7524 Stillwell Beckett Road,Closed,399900,2196,1989,3,3,284,39.48994,-84.80075,https://www.xome.com/homes-for-sale/7524-Stillwell-Beckett-Road-Oxford-Twp-OH-45056-381155163,https://xomesearch.propertiescdn.com/ListingImages/ohcincy/images/0/0/1773564.jpg?cd=63840000240,https://www.google.com/maps/embed?pb=!1m18!1m12!1m3!1d3079.0868741551535!2d-84.8007111!3d39.4899529!2m3!1f0!2f0!3f0!3m2!1i1024!2i768!4f13.1!3m3!1m2!1s0x8840231c0d361c69%3A0x498ad6afc579c401!2s7524%20Stillwell%20Beckett%20Rd%2C%20Oxford%2C%20OH%2045056!5e0!3m2!1sen!2sus!4v1713383712507!5m2!1sen!2sus
75,6215 Stillwell Beckett Road,Closed,249900,1628,1967,4,2,285,39.47911,-84.75999,https://www.xome.com/homes-for-sale/6215-Stillwell-Beckett-Road-Oxford-Twp-OH-45056-387523926,https://xomesearch.propertiescdn.com/ListingImages/ohcincy/images/0/0/1772276.jpg?cd=63842533920,https://www.google.com/maps/embed?pb=!1m18!1m12!1m3!1d3079.0868741551535!2d-84.8007111!3d39.4899529!2m3!1f0!2f0!3f0!3m2!1i1024!2i768!4f13.1!3m3!1m2!1s0x8840231c0d361c69%3A0x498ad6afc579c401!2s7524%20Stillwell%20Beckett%20Rd%2C%20Oxford%2C%20OH%2045056!5e0!3m2!1sen!2sus!4v1713383730800!5m2!1sen!2sus
76,623 Brill Drive,Closed,185000,1025,1974,3,1,287,39.50297,-84.75432,https://www.xome.com/homes-for-sale/623-Brill-Drive-Oxford-OH-45056-381077386,https://xomesearch.propertiescdn.com/ListingImages/ohcincy/images/0/0/1773296.jpg?cd=63840156060,https://www.google.com/maps/embed?pb=!1m18!1m12!1m3!1d6157.019011774509!2d-84.7543044!3d39.5029889!2m3!1f0!2f0!3f0!3m2!1i1024!2i768!4f13.1!3m3!1m2!1s0x88403d3d324fe925%3A0xc150af4f811362c9!2s623%20Brill%20Dr%2C%20Oxford%2C%20OH%2045056!5e0!3m2!1sen!2sus!4v1713383749894!5m2!1sen!2sus
77,502 White Oak Drive,Closed,399900,2380,1981,4,3,289,39.50251,-84.76366,https://www.xome.com/homes-for-sale/502-White-Oak-Drive-Oxford-OH-45056-387526453,https://xomesearch.propertiescdn.com/ListingImages/ohcincy/images/0/0/1773433.jpg?cd=63840649800,https://www.google.com/maps/embed?pb=!1m18!1m12!1m3!1d3078.5310116820365!2d-84.7636663!3d39.502503399999995!2m3!1f0!2f0!3f0!3m2!1i1024!2i768!4f13.1!3m3!1m2!1s0x88403d2fef905949%3A0x8ac3a762e1446dc6!2s502%20White%20Oak%20Dr%2C%20Oxford%2C%20OH%2045056!5e0!3m2!1sen!2sus!4v1713383766365!5m2!1sen!2sus
78,170 Hilltop Road,Closed,419000,2330,1957,3,4,290,39.51391,-84.75477,https://www.xome.com/homes-for-sale/170-Hilltop-Road-Oxford-OH-45056-387525685,https://xomesearch.propertiescdn.com/ListingImages/ohcincy/images/0/0/1773262.jpg?cd=63840649740,https://www.google.com/maps/embed?pb=!1m18!1m12!1m3!1d3078.0287682227263!2d-84.7554059!3d39.51384039999999!2m3!1f0!2f0!3f0!3m2!1i1024!2i768!4f13.1!3m3!1m2!1s0x88403d408f4f3c05%3A0x67a9b4319d6a869f!2s170%20Hilltop%20Rd%2C%20Oxford%2C%20OH%2045056!5e0!3m2!1sen!2sus!4v1713383782587!5m2!1sen!2sus
79,619 Brill Drive,Closed,189900,1025,1974,3,1,292,39.50297,-84.75407,https://www.xome.com/homes-for-sale/619-Brill-Drive-Oxford-OH-45056-387526210,https://xomesearch.propertiescdn.com/ListingImages/ohcincy/images/0/0/1772890.jpg?cd=63840642840,https://www.google.com/maps/embed?pb=!1m18!1m12!1m3!1d6157.019986295335!2d-84.75405959999999!3d39.5029779!2m3!1f0!2f0!3f0!3m2!1i1024!2i768!4f13.1!3m3!1m2!1s0x88403d3d3470467f%3A0xa7539ca1a30fddbf!2s619%20Brill%20Dr%2C%20Oxford%2C%20OH%2045056!5e0!3m2!1sen!2sus!4v1713383800688!5m2!1sen!2sus
80,3886 Lanes Mill Road,Closed,199900,1920,1960,3,2,296,39.48582,-84.68719,https://www.xome.com/homes-for-sale/3886-Lanes-Mill-Road-Oxford-OH-45056-387526938,https://xomesearch.propertiescdn.com/ListingImages/ohcincy/addl_picts/0/0/1772736-1.jpg?cd=63840335640,https://www.google.com/maps/embed?pb=!1m18!1m12!1m3!1d3079.2635782813313!2d-84.6873194!3d39.4859625!2m3!1f0!2f0!3f0!3m2!1i1024!2i768!4f13.1!3m3!1m2!1s0x88403e81a6e6f117%3A0xb3203355bc6f5436!2s3886%20Lanes%20Mill%20Rd%2C%20Oxford%2C%20OH%2045056!5e0!3m2!1sen!2sus!4v1713383818648!5m2!1sen!2sus
81,140 Charleston Drive,Closed,219000,2506,1988,3,3,296,39.49977,-84.75504,https://www.xome.com/homes-for-sale/140-Charleston-Drive-Oxford-OH-45056-387526275,https://xomesearch.propertiescdn.com/ListingImages/ohcincy/images/0/0/1772655.jpg?cd=63842542500,https://www.google.com/maps/embed?pb=!1m18!1m12!1m3!1d3078.6519538512935!2d-84.755031!3d39.499773!2m3!1f0!2f0!3f0!3m2!1i1024!2i768!4f13.1!3m3!1m2!1s0x88403d2253a2a7ed%3A0x36dd6d7498cd653d!2s140%20Charleston%20Dr%2C%20Oxford%2C%20OH%2045056!5e0!3m2!1sen!2sus!4v1713383836508!5m2!1sen!2sus
82,811 Clover Circle,Closed,229000,988,1971,3,1,296,39.50153,-84.75377,https://www.xome.com/homes-for-sale/811-Clover-Circle-Oxford-OH-45056-387524921,https://xomesearch.propertiescdn.com/ListingImages/ohcincy/images/0/0/1772151.jpg?cd=63840025500,https://www.google.com/maps/embed?pb=!1m18!1m12!1m3!1d6157.149692992125!2d-84.7537741!3d39.5015138!2m3!1f0!2f0!3f0!3m2!1i1024!2i768!4f13.1!3m3!1m2!1s0x88403d22c00aecf5%3A0x1acd1aa5f9e5dc8c!2s811%20Clover%20Cir%2C%20Oxford%2C%20OH%2045056!5e0!3m2!1sen!2sus!4v1713383853790!5m2!1sen!2sus
83,145 Hunter Woods Drive,Closed,519000,2522,2004,4,3,296,39.5042,-84.76712,https://www.xome.com/homes-for-sale/145-Hunter-Woods-Drive-Oxford-OH-45056-387524771,https://xomesearch.propertiescdn.com/ListingImages/ohcincy/images/0/0/1772663.jpg?cd=63842542500,https://www.google.com/maps/embed?pb=!1m18!1m12!1m3!1d3078.4553218214073!2d-84.7671536!3d39.5042121!2m3!1f0!2f0!3f0!3m2!1i1024!2i768!4f13.1!3m3!1m2!1s0x88403d31eed2b05f%3A0x88abed57c9d1c9c0!2s145%20Hunter%20Woods%20Dr%2C%20Oxford%2C%20OH%2045056!5e0!3m2!1sen!2sus!4v1713383869730!5m2!1sen!2sus
84,1460 Dana Drive,Closed,395000,2900,1992,4,4,296,39.49422,-84.7617,https://www.xome.com/homes-for-sale/1460-Dana-Drive-Oxford-OH-45056-387524586,https://xomesearch.propertiescdn.com/ListingImages/ohcincy/images/0/0/1772665.jpg?cd=63842542500,https://www.google.com/maps/embed?pb=!1m18!1m12!1m3!1d3078.8983036120057!2d-84.76168799999999!3d39.4942109!2m3!1f0!2f0!3f0!3m2!1i1024!2i768!4f13.1!3m3!1m2!1s0x88403d27c060da77%3A0x6f5b4a16025636a!2s1460%20Dana%20Dr%2C%20Oxford%2C%20OH%2045056!5e0!3m2!1sen!2sus!4v1713383886494!5m2!1sen!2sus
85,423 W Chestnut Street,Closed,239000,1400,1959,3,2,296,39.50042,-84.75089,https://www.xome.com/homes-for-sale/423-W-Chestnut-Street-Oxford-OH-45056-380802457,https://xomesearch.propertiescdn.com/ListingImages/ohcincy/images/0/0/1772657.jpg?cd=63842542500,https://www.google.com/maps/embed?pb=!1m18!1m12!1m3!1d3078.6234818660973!2d-84.7508775!3d39.5004158!2m3!1f0!2f0!3f0!3m2!1i1024!2i768!4f13.1!3m3!1m2!1s0x88403d185c0ecef7%3A0xd5ae63dee0e30a29!2s423%20W%20Chestnut%20St%2C%20Oxford%2C%20OH%2045056!5e0!3m2!1sen!2sus!4v1713383902346!5m2!1sen!2sus
86,213 Morgan Circle,Closed,260000,1256,1998,3,2,298,39.49096,-84.74701,https://www.xome.com/homes-for-sale/213-Morgan-Circle-Oxford-OH-45056-387520587,https://xomesearch.propertiescdn.com/ListingImages/ohcincy/images/0/0/1772171.jpg?cd=63840642840,https://www.google.com/maps/embed?pb=!1m18!1m12!1m3!1d3079.0418809436615!2d-84.7470015!3d39.4909689!2m3!1f0!2f0!3f0!3m2!1i1024!2i768!4f13.1!3m3!1m2!1s0x88403ce21f1c04ff%3A0xd4f4b50e0c98cf81!2s213%20Morgan%20Cir%2C%20Oxford%2C%20OH%2045056!5e0!3m2!1sen!2sus!4v1713383917297!5m2!1sen!2sus
87,4686 Booth Road,Closed,169900,1256,1956,3,2,305,39.47871,-84.71213,https://www.xome.com/homes-for-sale/4686-Booth-Road-Oxford-Twp-OH-45056-380497086,https://xomesearch.propertiescdn.com/ListingImages/ohcincy/images/0/0/1771788.jpg?cd=63842383980,https://www.google.com/maps/embed?pb=!1m18!1m12!1m3!1d3079.584865725442!2d-84.7121469!3d39.4787062!2m3!1f0!2f0!3f0!3m2!1i1024!2i768!4f13.1!3m3!1m2!1s0x88403c47bef4f3b5%3A0x3a75e6b7f1ab22ca!2s4686%20Booth%20Rd%2C%20Oxford%2C%20OH%2045056!5e0!3m2!1sen!2sus!4v1713383934136!5m2!1sen!2sus
88,513 Edgehill Drive,Closed,245000,1631,1967,3,2,310,39.50129,-84.75177,https://www.xome.com/homes-for-sale/513-Edgehill-Drive-Oxford-OH-45056-387526869,https://xomesearch.propertiescdn.com/ListingImages/ohcincy/images/0/0/1771324.jpg?cd=63842383980,https://www.google.com/maps/embed?pb=!1m18!1m12!1m3!1d3078.5859778057497!2d-84.751775!3d39.5012625!2m3!1f0!2f0!3f0!3m2!1i1024!2i768!4f13.1!3m3!1m2!1s0x88403d186d6688bf%3A0x21cabd67cd31451d!2s513%20Edgehill%20Dr%2C%20Oxford%2C%20OH%2045056!5e0!3m2!1sen!2sus!4v1713383948943!5m2!1sen!2sus
89,18 Deer Trail Circle,Closed,534000,2698,1996,4,3,310,39.50594,-84.76683,https://www.xome.com/homes-for-sale/18-Deer-Trail-Circle-Oxford-OH-45056-387526326,https://xomesearch.propertiescdn.com/ListingImages/ohcincy/images/0/0/1771203.jpg?cd=63842542500,https://www.google.com/maps/embed?pb=!1m18!1m12!1m3!1d3078.378255948587!2d-84.7668477!3d39.505951800000005!2m3!1f0!2f0!3f0!3m2!1i1024!2i768!4f13.1!3m3!1m2!1s0x88403d31755621c5%3A0x35ada0af6c7b9de3!2s18%20Deer%20Trail%20Cir%2C%20Oxford%2C%20OH%2045056!5e0!3m2!1sen!2sus!4v1713383969588!5m2!1sen!2sus
90,5600 Booth Road,Closed,429900,2964,--,4,4,311,39.48422,-84.73965,https://www.xome.com/homes-for-sale/5600-Booth-Road-Oxford-OH-45056-387531710,https://xomesearch.propertiescdn.com/ListingImages/ohcincy/images/0/0/1771172.jpg?cd=63840649740,https://www.google.com/maps/embed?pb=!1m18!1m12!1m3!1d3079.3436623467046!2d-84.738614!3d39.4841539!2m3!1f0!2f0!3f0!3m2!1i1024!2i768!4f13.1!3m3!1m2!1s0x88403cfbb2f822c1%3A0xa350df5040f866b6!2s5600%20Booth%20Rd%2C%20Oxford%2C%20OH%2045056!5e0!3m2!1sen!2sus!4v1713383984313!5m2!1sen!2sus
91,60 Charleston Drive,Closed,164300,1100,1982,2,2,311,39.50014,-84.75469,https://www.xome.com/homes-for-sale/60-Charleston-Drive-Oxford-OH-45056-380400881,https://xomesearch.propertiescdn.com/ListingImages/ohcincy/images/0/0/1771212.jpg?cd=63842533920,https://www.google.com/maps/embed?pb=!1m18!1m12!1m3!1d3078.6355475151!2d-84.7546716!3d39.5001434!2m3!1f0!2f0!3f0!3m2!1i1024!2i768!4f13.1!3m3!1m2!1s0x88403d225611bee9%3A0x290e6b7e529ee19e!2s60%20Charleston%20Dr%2C%20Oxford%2C%20OH%2045056!5e0!3m2!1sen!2sus!4v1713384000665!5m2!1sen!2sus
92,5115 Bonham Road,Closed,420000,2580,1932,4,3,313,39.52095,-84.72295,https://www.xome.com/homes-for-sale/5115-Bonham-Road-Oxford-Twp-OH-45056-381551028,https://xomesearch.propertiescdn.com/ListingImages/ohcincy/images/0/0/1770896.jpg?cd=63840642840,https://www.google.com/maps/embed?pb=!1m18!1m12!1m3!1d3077.7153465919446!2d-84.722883!3d39.520913799999995!2m3!1f0!2f0!3f0!3m2!1i1024!2i768!4f13.1!3m3!1m2!1s0x88403d9ac30c08bb%3A0x295abdf131f1cd9d!2s5115%20Bonham%20Rd%2C%20Oxford%2C%20OH%2045056!5e0!3m2!1sen!2sus!4v1713384015577!5m2!1sen!2sus
93,320 W Vine Street,Closed,339000,2492,1911,4,2,317,39.51397,-84.74796,https://www.xome.com/homes-for-sale/320-W-Vine-Street-Oxford-OH-45056-387526840,https://xomesearch.propertiescdn.com/ListingImages/ohcincy/images/0/0/1770591.jpg?cd=63842542500,https://www.google.com/maps/embed?pb=!1m18!1m12!1m3!1d3078.022255145074!2d-84.74793989999999!3d39.5139874!2m3!1f0!2f0!3f0!3m2!1i1024!2i768!4f13.1!3m3!1m2!1s0x88403d6b42c016cb%3A0x9a895c020a9dd8fa!2s320%20W%20Vine%20St%2C%20Oxford%2C%20OH%2045056!5e0!3m2!1sen!2sus!4v1713384032918!5m2!1sen!2sus
94,121 Country Club Drive,Closed,395000,1920,1978,4,3,317,39.51696,-84.76525,https://www.xome.com/homes-for-sale/121-Country-Club-Drive-Oxford-OH-45056-380251797,https://xomesearch.propertiescdn.com/ListingImages/ohcincy/images/0/0/1770742.jpg?cd=63843432180,https://www.google.com/maps/embed?pb=!1m18!1m12!1m3!1d6155.784155912433!2d-84.76529780000001!3d39.5169254!2m3!1f0!2f0!3f0!3m2!1i1024!2i768!4f13.1!3m3!1m2!1s0x88403d48e3a62ba7%3A0xf56696915065fa7d!2s121%20Country%20Club%20Dr%2C%20Oxford%2C%20OH%2045056!5e0!3m2!1sen!2sus!4v1713384048523!5m2!1sen!2sus
95,111 Acorn Circle,Closed,267700,1925,1979,3,3,319,39.49738,-84.73745,https://www.xome.com/homes-for-sale/111-Acorn-Circle-Oxford-OH-45056-380396506,https://xomesearch.propertiescdn.com/ListingImages/ohcincy/images/0/0/1770138.jpg?cd=63842525040,https://www.google.com/maps/embed?pb=!1m18!1m12!1m3!1d3078.7556686835374!2d-84.7374533!3d39.4974314!2m3!1f0!2f0!3f0!3m2!1i1024!2i768!4f13.1!3m3!1m2!1s0x88403d040ff4c999%3A0x6d4eafd2f4fd9a75!2s111%20Acorn%20Cir%2C%20Oxford%2C%20OH%2045056!5e0!3m2!1sen!2sus!4v1713384063292!5m2!1sen!2sus
96,3685 Oxford Reily Road,Closed,265000,1418,1973,3,2,320,39.48072,-84.76018,https://www.xome.com/homes-for-sale/3685-Oxford-Reily-Road-Oxford-Twp-OH-45056-380312473,https://xomesearch.propertiescdn.com/ListingImages/ohcincy/images/0/0/1770241.jpg?cd=63842383980,https://www.google.com/maps/embed?pb=!1m18!1m12!1m3!1d3079.4958561221756!2d-84.7601787!3d39.4807166!2m3!1f0!2f0!3f0!3m2!1i1024!2i768!4f13.1!3m3!1m2!1s0x88403cc4e23ecd07%3A0x5e7322ced12e5598!2s3685%20Oxford%20Reily%20Rd%2C%20Oxford%2C%20OH%2045056!5e0!3m2!1sen!2sus!4v1713384077834!5m2!1sen!2sus
97,6135 Fairfield Road Unit 4,Closed,139000,994,1971,2,1,321,39.50772,-84.75742,https://www.xome.com/homes-for-sale/6135-Fairfield-Road-Unit-4-Oxford-OH-45056-379706115,https://xomesearch.propertiescdn.com/ListingImages/ohcincy/images/0/0/1770125.jpg?cd=63842492820,https://www.google.com/maps/embed?pb=!1m18!1m12!1m3!1d6156.599317717932!2d-84.75741860000001!3d39.507726000000005!2m3!1f0!2f0!3f0!3m2!1i1024!2i768!4f13.1!3m3!1m2!1s0x88403d3c06b5db9b%3A0xedc4aa890b36b34e!2s6135%20Fairfield%20Rd%20UNIT%204%2C%20Oxford%2C%20OH%2045056!5e0!3m2!1sen!2sus!4v1713384092705!5m2!1sen!2sus
98,1615 Sample Road,Closed,275000,1968,1956,4,2,322,39.43147,-84.76154,https://www.xome.com/homes-for-sale/1615-Sample-Road-Reily-Twp-OH-45056-379697482,https://xomesearch.propertiescdn.com/ListingImages/ohcincy/addl_picts/0/0/1770066-2.jpg?cd=63842525040,https://www.google.com/maps/embed?pb=!1m18!1m12!1m3!1d3081.673673014843!2d-84.7615452!3d39.4315031!2m3!1f0!2f0!3f0!3m2!1i1024!2i768!4f13.1!3m3!1m2!1s0x88403b478d57fbeb%3A0x52be6f72178f25b6!2s1615%20Sample%20Rd%2C%20Oxford%2C%20OH%2045056!5e0!3m2!1sen!2sus!4v1713384111897!5m2!1sen!2sus
99,2438 Oxford Trenton Road,Closed,365000,1672,1977,4,2,324,39.50891,-84.64178,https://www.xome.com/homes-for-sale/2438-Oxford-Trenton-Road-Milford-Twp-OH-45056-387529819,https://xomesearch.propertiescdn.com/ListingImages/ohcincy/images/0/0/1769395.jpg?cd=63842986560,https://www.google.com/maps/embed?pb=!1m18!1m12!1m3!1d3078.247299031147!2d-84.6418018!3d39.5089079!2m3!1f0!2f0!3f0!3m2!1i1024!2i768!4f13.1!3m3!1m2!1s0x88403fc9ee9f0507%3A0xbed7d241c2cd3684!2s2438%20Trenton%20Oxford%20Rd%2C%20Oxford%2C%20OH%2045056!5e0!3m2!1sen!2sus!4v1713384126311!5m2!1sen!2sus
100,5321 Coulter Lane,Closed,599000,3614,1938,4,4,324,39.51993,-84.72099,https://www.xome.com/homes-for-sale/5321-Coulter-Lane-Oxford-Twp-OH-45056-387526711,https://xomesearch.propertiescdn.com/ListingImages/ohcincy/images/0/0/1769970.jpg?cd=63842542500,https://www.google.com/maps/embed?pb=!1m18!1m12!1m3!1d3077.759335857154!2d-84.720985!3d39.5199211!2m3!1f0!2f0!3f0!3m2!1i1024!2i768!4f13.1!3m3!1m2!1s0x88403d907831add5%3A0xbcd58dcb5e25d18f!2s5321%20Coulter%20Ln%2C%20Oxford%2C%20OH%2045056!5e0!3m2!1sen!2sus!4v1713384142402!5m2!1sen!2sus
101,33 Jeffrey Circle,Closed,247000,1519,1991,3,2,324,39.5197,-84.74455,https://www.xome.com/homes-for-sale/33-Jeffrey-Circle-Oxford-OH-45056-379683750,https://xomesearch.propertiescdn.com/ListingImages/ohcincy/images/0/0/1769981.jpg?cd=63842542500,https://www.google.com/maps/embed?pb=!1m18!1m12!1m3!1d3077.7378974649528!2d-84.7436965!3d39.520404899999996!2m3!1f0!2f0!3f0!3m2!1i1024!2i768!4f13.1!3m3!1m2!1s0x88403d6fb35d3415%3A0xe2ecf6cad24ba808!2s33%20Jeffrey%20Dr%2C%20Oxford%2C%20OH%2045056!5e0!3m2!1sen!2sus!4v1713384159446!5m2!1sen!2sus
102,104 Beechpoint Drive,Closed,289000,1418,1974,3,2,325,39.50649,-84.70309,https://www.xome.com/homes-for-sale/104-Beechpoint-Drive-Oxford-Twp-OH-45056-379612753,https://xomesearch.propertiescdn.com/ListingImages/ohcincy/images/0/0/1769751.jpg?cd=63842492820,https://www.google.com/maps/embed?pb=!1m18!1m12!1m3!1d3078.355995489812!2d-84.7031032!3d39.5064543!2m3!1f0!2f0!3f0!3m2!1i1024!2i768!4f13.1!3m3!1m2!1s0x88403dc39c6b6bdf%3A0xafe68e18300b13a7!2s104%20Beechpoint%20Dr%2C%20Oxford%2C%20OH%2045056!5e0!3m2!1sen!2sus!4v1713384177202!5m2!1sen!2sus
103,124 Northridge Drive,Closed,210000,1170,2002,3,2,327,39.51791,-84.74679,https://www.xome.com/homes-for-sale/124-Northridge-Drive-Oxford-OH-45056-379544328,https://xomesearch.propertiescdn.com/ListingImages/ohcincy/images/0/0/1768749.jpg?cd=63840408900,https://www.google.com/maps/embed?pb=!1m18!1m12!1m3!1d3077.849571446134!2d-84.7467598!3d39.517884699999996!2m3!1f0!2f0!3f0!3m2!1i1024!2i768!4f13.1!3m3!1m2!1s0x88403d6c02838ee5%3A0xdf9ebfc5ff6411e7!2s124%20N%20Rdg%20Dr%2C%20Oxford%2C%20OH%2045056!5e0!3m2!1sen!2sus!4v1713384192262!5m2!1sen!2sus
104,4149 Miami Western Drive,Closed,224900,1188,1963,3,2,328,39.4919,-84.72292,https://www.xome.com/homes-for-sale/4149-Miami-Western-Drive-Oxford-Twp-OH-45056-379657853,https://xomesearch.propertiescdn.com/ListingImages/ohcincy/images/0/0/1769530.jpg?cd=63830311680,https://www.google.com/maps/embed?pb=!1m18!1m12!1m3!1d6158.0016741583195!2d-84.7229239!3d39.4918957!2m3!1f0!2f0!3f0!3m2!1i1024!2i768!4f13.1!3m3!1m2!1s0x88403dad3b0afff1%3A0xae194afc2b38f4a6!2s4149%20Miami%20Western%20Dr%2C%20Oxford%2C%20OH%2045056!5e0!3m2!1sen!2sus!4v1713384207091!5m2!1sen!2sus
105,6104 Fairfield Road,Closed,345000,1889,1943,3,2,328,39.50829,-84.7556,https://www.xome.com/homes-for-sale/6104-Fairfield-Road-Oxford-OH-45056-379582532,https://xomesearch.propertiescdn.com/ListingImages/ohcincy/images/0/0/1769714.jpg?cd=63840649740,https://www.google.com/maps/embed?pb=!1m18!1m12!1m3!1d6156.549549848831!2d-84.7556099!3d39.5082877!2m3!1f0!2f0!3f0!3m2!1i1024!2i768!4f13.1!3m3!1m2!1s0x88403d3e83653319%3A0x673b8273f32dbcec!2s6104%20Fairfield%20Rd%2C%20Oxford%2C%20OH%2045056!5e0!3m2!1sen!2sus!4v1713384224606!5m2!1sen!2sus
106,3654 Darrtown Road,Closed,1200000,9019,2005,6,7,328,39.48067,-84.6646,https://www.xome.com/homes-for-sale/3654-Darrtown-Road-Oxford-OH-45056-379517796,https://xomesearch.propertiescdn.com/ListingImages/ohcincy/images/0/0/1769425.jpg?cd=63842492820,https://www.google.com/maps/embed?pb=!1m18!1m12!1m3!1d3079.4980389040143!2d-84.6645447!3d39.4806673!2m3!1f0!2f0!3f0!3m2!1i1024!2i768!4f13.1!3m3!1m2!1s0x88403ef3cca7ef47%3A0x353800cfe9f7b61e!2s3654%20Darrtown%20Rd%2C%20Oxford%2C%20OH%2045056!5e0!3m2!1sen!2sus!4v1713384239471!5m2!1sen!2sus
107,1803 Scott Road,Closed,256000,806,1940,2,1,330,39.49113,-84.62543,https://www.xome.com/homes-for-sale/1803-Scott-Road-Milford-Twp-OH-45056-379496280,https://xomesearch.propertiescdn.com/ListingImages/ohcincy/images/0/0/1769374.jpg?cd=63842480940,https://www.google.com/maps/embed?pb=!1m18!1m12!1m3!1d3079.044808188934!2d-84.62579579999999!3d39.4909028!2m3!1f0!2f0!3f0!3m2!1i1024!2i768!4f13.1!3m3!1m2!1s0x88403fc0c8751791%3A0xb81cd3329f3d2546!2s1803%20Scott%20Rd%2C%20Oxford%2C%20OH%2045056!5e0!3m2!1sen!2sus!4v1713384255087!5m2!1sen!2sus
108,5707 Brown Road,Closed,189970,1146,1965,2,1,331,39.53028,-84.75241,https://www.xome.com/homes-for-sale/5707-Brown-Road-Oxford-Twp-OH-45056-379774152,https://xomesearch.propertiescdn.com/ListingImages/ohcincy/images/0/0/1769329.jpg?cd=63837457740,https://www.google.com/maps/embed?pb=!1m18!1m12!1m3!1d3077.2999354993003!2d-84.7524074!3d39.5302873!2m3!1f0!2f0!3f0!3m2!1i1024!2i768!4f13.1!3m3!1m2!1s0x88403d609d71aa2f%3A0x6accce362e30a653!2s5707%20Brown%20Rd%2C%20Oxford%2C%20OH%2045056!5e0!3m2!1sen!2sus!4v1713384271340!5m2!1sen!2sus
109,41 Christopher Drive,Closed,445000,3361,1995,4,4,331,39.52106,-84.74223,https://www.xome.com/homes-for-sale/41-Christopher-Drive-Oxford-OH-45056-379471443,https://xomesearch.propertiescdn.com/ListingImages/ohcincy/images/0/0/1769258.jpg?cd=63840649740,https://www.google.com/maps/embed?pb=!1m18!1m12!1m3!1d3077.7094617889093!2d-84.7422888!3d39.5210466!2m3!1f0!2f0!3f0!3m2!1i1024!2i768!4f13.1!3m3!1m2!1s0x88403d6fd9a398af%3A0x22ff35162282b064!2s41%20Christopher%20Dr%2C%20Oxford%2C%20OH%2045056!5e0!3m2!1sen!2sus!4v1713384289836!5m2!1sen!2sus
110,1020 Tollgate Drive,Closed,235000,2044,1972,4,2,333,39.50655,-84.76005,https://www.xome.com/homes-for-sale/1020-Tollgate-Drive-Oxford-OH-45056-379432935,https://xomesearch.propertiescdn.com/ListingImages/ohcincy/images/0/0/1769080.jpg?cd=63840512940,https://www.google.com/maps/embed?pb=!1m18!1m12!1m3!1d6156.705257426487!2d-84.7599951!3d39.5065303!2m3!1f0!2f0!3f0!3m2!1i1024!2i768!4f13.1!3m3!1m2!1s0x88403d3bb3f6b519%3A0x44d62e616e499238!2s1020%20Tollgate%20Dr%2C%20Oxford%2C%20OH%2045056!5e0!3m2!1sen!2sus!4v1713384304188!5m2!1sen!2sus
